<?xml version='1.0' encoding='UTF-8'?>
<EngineOperations:BriefMediumList xmlns:RMS="http://www.bpo.hp.com/RemoteManagement" xmlns:EngineOperations="http://www.bpo.hp.com/EngineOperations" xmlns:PaperDetails="http://www.bpo.hp.com/PaperDetails" xmlns:property="http://www.bpo.hp.com/property" xmlns:PropertyList="http://www.bpo.hp.com/PropertyList" xmlns:ColorSpaces="http://www.bpo.hp.com/ColorSpaces" xmlns:printmodeList="http://www.bpo.hp.com/printmodeList" xmlns:Languages="http://www.bpo.hp.com/Languages" xmlns:xsd="http://www.w3.org/2001/XMLSchema" xmlns:PaperManagement="http://www.bpo.hp.com/PaperManagement" xmlns:Calibration="http://www.bpo.hp.com/Calibration" xmlns:paperModeList="http://www.bpo.hp.com/paperModeList" xmlns:cds="http://www.bpo.hp.com/cds" xmlns:xsi="http://www.w3.org/2001/XMLSchema-instance" xmlns:Resolution="http://www.bpo.hp.com/Resolution" xmlns:PaperManagementServiceNs="http://www.bpo.hp.com/PaperManagementService" xmlns:PublicIcc="http://www.bpo.hp.com/PublicIcc" xmlns:RemoteManagementServiceNs="http://www.bpo.hp.com/RemoteManagementService" xmlns:IntentList="http://www.bpo.hp.com/IntentList" xmlns:SelectorList="http://www.bpo.hp.com/SelectorList">
    <EngineOperations:Version>MEDIUM_LIST_VERSION_2</EngineOperations:Version>
    <EngineOperations:Medium factory="false" CategoryId="CANVAS" shortName="Generic Canvas&amp;Coated Textile" version="6.0.1" MediaChecksum="RANDD08524FA3FF8F61F599F4AC6BA3AEF0D" longName="Generic Canvas&amp;Coated Textile" DonorId="350102" Revision="6.0.1" MediumId="350102">
        <EngineOperations:Localization language="en_US">
            <EngineOperations:Name>Generic Canvas&amp;Coated Textile</EngineOperations:Name>
            <EngineOperations:ShortName>Generic Canvas&amp;Coated Textile</EngineOperations:ShortName>
        </EngineOperations:Localization>
        <EngineOperations:CategoryLocalization Id="CANVAS" Name="Canvas" ShortName="Canvas"/>
        <EngineOperations:Calibration/>
        <EngineOperations:PaperModes>
            <paperModeList:PaperMode RecommendedResolution="600" WhiteMode="NA" Description="High Quality" DefaultMode="false" IccProfile="true" ColorMode="CMYKLITES" Name="8p_6c_120" InkDensity="120" HorizResolution="600" VertResolution="1200" IccProfileB="false" AllowedResolutions="300,600" Passes="8" Identification="a419ba7792b44ac0602fb20b6ccd550c78000f23">
                <paperModeList:Selectors>
                    <SelectorList:Selector key="ExtendedPm" value="XPM8"/>
                    <SelectorList:Selector key="InkDensity" value="L11"/>
                    <SelectorList:Selector key="InkDensityB" value="L11"/>
                    <SelectorList:Selector key="WhiteMode" value="SPOT"/>
                    <SelectorList:Selector key="ColorMode" value="CMYKLITES"/>
                </paperModeList:Selectors>
                <paperModeList:PropertyList>
                    <PropertyList:Property>
                        <property:Setting name="CuringTemperature_PRINTING" min="60" numericList="105" units="C" max="116" step="1"/>
                    </PropertyList:Property>
                </paperModeList:PropertyList>
                <paperModeList:SupportedRasterConfigs>
                    <paperModeList:SupportedRasterConfig Key="PLANAR-CMYK-8-300-RasterStream_BANDS_ICF4"/>
                    <paperModeList:SupportedRasterConfig Key="PLANAR-CMYK-8-600-RasterStream_BANDS_ICF4"/>
                </paperModeList:SupportedRasterConfigs>
            </paperModeList:PaperMode>
            <paperModeList:PaperMode RecommendedResolution="600" WhiteMode="NA" Description="Production Quality" DefaultMode="false" IccProfile="true" ColorMode="CMYKLITES" Name="6p_6c_110" InkDensity="110" HorizResolution="600" VertResolution="1200" IccProfileB="false" AllowedResolutions="300,600" Passes="6" Identification="222e011e3b20154583a201c45d73db754d6c3d89">
                <paperModeList:Selectors>
                    <SelectorList:Selector key="ExtendedPm" value="XPM6"/>
                    <SelectorList:Selector key="InkDensity" value="L10"/>
                    <SelectorList:Selector key="InkDensityB" value="L10"/>
                    <SelectorList:Selector key="WhiteMode" value="SPOT"/>
                    <SelectorList:Selector key="ColorMode" value="CMYKLITES"/>
                </paperModeList:Selectors>
                <paperModeList:PropertyList/>
                <paperModeList:SupportedRasterConfigs>
                    <paperModeList:SupportedRasterConfig Key="PLANAR-CMYK-8-300-RasterStream_BANDS_ICF4"/>
                    <paperModeList:SupportedRasterConfig Key="PLANAR-CMYK-8-600-RasterStream_BANDS_ICF4"/>
                </paperModeList:SupportedRasterConfigs>
            </paperModeList:PaperMode>
        </EngineOperations:PaperModes>
    </EngineOperations:Medium>
    <EngineOperations:Medium factory="false" calibrable="true" CategoryId="PVC_BANNER" shortName="Generic PVC 2-Side Banner" version="6.0.1" MediaChecksum="RAND81F227FFC6BA01D377AA0022EE25F779" longName="Generic PVC Dual Side Banner" DonorId="103101" Revision="6.0.1" MediumId="103101">
        <EngineOperations:Localization language="en_US">
            <EngineOperations:Name>Generic PVC Dual Side Banner</EngineOperations:Name>
            <EngineOperations:ShortName>Generic PVC 2-Side Banner</EngineOperations:ShortName>
        </EngineOperations:Localization>
        <EngineOperations:CategoryLocalization Id="PVC_BANNER" Name="PVC Banner" ShortName="PVC Banner"/>
        <EngineOperations:Calibration/>
        <EngineOperations:PaperModes>
            <paperModeList:PaperMode RecommendedResolution="600" WhiteMode="NA" Description="High Quality" DefaultMode="false" IccProfile="true" ColorMode="CMYKLITES" Name="8p_8c_120" InkDensity="120" HorizResolution="600" VertResolution="1200" IccProfileB="false" AllowedResolutions="300,600" Passes="8" Identification="a419ba7792b44ac0602fb20b6ccd550c78000f23">
                <paperModeList:Selectors>
                    <SelectorList:Selector key="ExtendedPm" value="XPM8"/>
                    <SelectorList:Selector key="InkDensity" value="L11"/>
                    <SelectorList:Selector key="InkDensityB" value="L11"/>
                    <SelectorList:Selector key="WhiteMode" value="SPOT"/>
                    <SelectorList:Selector key="ColorMode" value="CMYKLITES"/>
                </paperModeList:Selectors>
                <paperModeList:PropertyList>
                    <PropertyList:Property>
                        <property:Setting name="CuringTemperature_PRINTING" min="60" numericList="100" units="C" max="116" step="1"/>
                        <property:Setting name="CuringCoolDownCancelableByNextJob" min="0" numericList="1" units="bool" max="1" step="1"/>
                    </PropertyList:Property>
                </paperModeList:PropertyList>
                <paperModeList:SupportedRasterConfigs>
                    <paperModeList:SupportedRasterConfig Key="PLANAR-CMYK-8-300-RasterStream_BANDS_ICF4"/>
                    <paperModeList:SupportedRasterConfig Key="PLANAR-CMYK-8-600-RasterStream_BANDS_ICF4"/>
                </paperModeList:SupportedRasterConfigs>
            </paperModeList:PaperMode>
            <paperModeList:PaperMode RecommendedResolution="600" WhiteMode="NA" Description="Production Fast" DefaultMode="false" IccProfile="true" ColorMode="CMYKLITES" Name="4p_4c_100" InkDensity="100" HorizResolution="600" VertResolution="1200" IccProfileB="false" AllowedResolutions="300,600" Passes="4" Identification="a4cb312314dfd9b8a0521af164a9698ddc44518a">
                <paperModeList:Selectors>
                    <SelectorList:Selector key="ExtendedPm" value="XPM4"/>
                    <SelectorList:Selector key="InkDensity" value="L9"/>
                    <SelectorList:Selector key="InkDensityB" value="L9"/>
                    <SelectorList:Selector key="WhiteMode" value="SPOT"/>
                    <SelectorList:Selector key="ColorMode" value="CMYKLITES"/>
                </paperModeList:Selectors>
                <paperModeList:PropertyList>
                    <PropertyList:Property>
                        <property:Setting name="CuringTemperatureOvershoot_WARMUP" min="-10" numericList="-5" units="C" max="5" step="1"/>
                        <property:Setting name="CuringCoolDownCancelableByNextJob" min="0" numericList="1" units="bool" max="1" step="1"/>
                    </PropertyList:Property>
                </paperModeList:PropertyList>
                <paperModeList:SupportedRasterConfigs>
                    <paperModeList:SupportedRasterConfig Key="PLANAR-CMYK-8-300-RasterStream_BANDS_ICF4"/>
                    <paperModeList:SupportedRasterConfig Key="PLANAR-CMYK-8-600-RasterStream_BANDS_ICF4"/>
                </paperModeList:SupportedRasterConfigs>
            </paperModeList:PaperMode>
            <paperModeList:PaperMode RecommendedResolution="600" WhiteMode="NA" Description="Production Quality" DefaultMode="false" IccProfile="true" ColorMode="CMYKLITES" Name="6p_6c_110" InkDensity="110" HorizResolution="600" VertResolution="1200" IccProfileB="false" AllowedResolutions="300,600" Passes="6" Identification="222e011e3b20154583a201c45d73db754d6c3d89">
                <paperModeList:Selectors>
                    <SelectorList:Selector key="ExtendedPm" value="XPM6"/>
                    <SelectorList:Selector key="InkDensity" value="L10"/>
                    <SelectorList:Selector key="InkDensityB" value="L10"/>
                    <SelectorList:Selector key="WhiteMode" value="SPOT"/>
                    <SelectorList:Selector key="ColorMode" value="CMYKLITES"/>
                </paperModeList:Selectors>
                <paperModeList:PropertyList>
                    <PropertyList:Property>
                        <property:Setting name="CuringTemperature_PRINTING" min="60" numericList="100" units="C" max="116" step="1"/>
                        <property:Setting name="CuringCoolDownCancelableByNextJob" min="0" numericList="1" units="bool" max="1" step="1"/>
                    </PropertyList:Property>
                </paperModeList:PropertyList>
                <paperModeList:SupportedRasterConfigs>
                    <paperModeList:SupportedRasterConfig Key="PLANAR-CMYK-8-300-RasterStream_BANDS_ICF4"/>
                    <paperModeList:SupportedRasterConfig Key="PLANAR-CMYK-8-600-RasterStream_BANDS_ICF4"/>
                </paperModeList:SupportedRasterConfigs>
            </paperModeList:PaperMode>
        </EngineOperations:PaperModes>
    </EngineOperations:Medium>
    <EngineOperations:Medium factory="false" CategoryId="FILM" shortName="Generic Backlit Polyester Film" version="6.0.1" MediaChecksum="RAND212FA00DC7A92827D40600ED112A9297" longName="Generic Backlit Polyester Film" DonorId="301100" Revision="6.0.1" MediumId="301100">
        <EngineOperations:Localization language="en_US">
            <EngineOperations:Name>Generic Backlit Polyester Film</EngineOperations:Name>
            <EngineOperations:ShortName>Generic Backlit Polyester Film</EngineOperations:ShortName>
        </EngineOperations:Localization>
        <EngineOperations:CategoryLocalization Id="FILM" Name="Film" ShortName="Film"/>
        <EngineOperations:Calibration/>
        <EngineOperations:PaperModes>
            <paperModeList:PaperMode RecommendedResolution="600" WhiteMode="NA" Description="High Quality" DefaultMode="false" IccProfile="true" ColorMode="CMYKLITES" Name="16p_c_150" InkDensity="160" HorizResolution="600" VertResolution="1200" IccProfileB="false" AllowedResolutions="300,600" Passes="16" Identification="ae58f25e080bfc42edc9db16cf9ef277f9a63a24">
                <paperModeList:Selectors>
                    <SelectorList:Selector key="ExtendedPm" value="XPM16"/>
                    <SelectorList:Selector key="InkDensity" value="L15"/>
                    <SelectorList:Selector key="InkDensityB" value="L15"/>
                    <SelectorList:Selector key="WhiteMode" value="SPOT"/>
                    <SelectorList:Selector key="ColorMode" value="CMYKLITES"/>
                </paperModeList:Selectors>
                <paperModeList:PropertyList>
                    <PropertyList:Property>
                        <property:Setting name="CuringCoolDownCancelableByNextJob" min="0" numericList="1" units="bool" max="1" step="1"/>
                    </PropertyList:Property>
                </paperModeList:PropertyList>
                <paperModeList:SupportedRasterConfigs>
                    <paperModeList:SupportedRasterConfig Key="PLANAR-CMYK-8-300-RasterStream_BANDS_ICF4"/>
                    <paperModeList:SupportedRasterConfig Key="PLANAR-CMYK-8-600-RasterStream_BANDS_ICF4"/>
                </paperModeList:SupportedRasterConfigs>
            </paperModeList:PaperMode>
            <paperModeList:PaperMode RecommendedResolution="600" WhiteMode="NA" Description="Production Quality" DefaultMode="false" IccProfile="true" ColorMode="CMYKLITES" Name="12p_6c_130" InkDensity="130" HorizResolution="600" VertResolution="1200" IccProfileB="false" AllowedResolutions="300,600" Passes="12" Identification="5ca81272f83a996e9db95253c49a7ca0f92e9511">
                <paperModeList:Selectors>
                    <SelectorList:Selector key="ExtendedPm" value="XPM12"/>
                    <SelectorList:Selector key="InkDensity" value="L12"/>
                    <SelectorList:Selector key="InkDensityB" value="L12"/>
                    <SelectorList:Selector key="WhiteMode" value="SPOT"/>
                    <SelectorList:Selector key="ColorMode" value="CMYKLITES"/>
                </paperModeList:Selectors>
                <paperModeList:PropertyList>
                    <PropertyList:Property>
                        <property:Setting name="CuringCoolDownCancelableByNextJob" min="0" numericList="1" units="bool" max="1" step="1"/>
                    </PropertyList:Property>
                </paperModeList:PropertyList>
                <paperModeList:SupportedRasterConfigs>
                    <paperModeList:SupportedRasterConfig Key="PLANAR-CMYK-8-300-RasterStream_BANDS_ICF4"/>
                    <paperModeList:SupportedRasterConfig Key="PLANAR-CMYK-8-600-RasterStream_BANDS_ICF4"/>
                </paperModeList:SupportedRasterConfigs>
            </paperModeList:PaperMode>
        </EngineOperations:PaperModes>
    </EngineOperations:Medium>
    <EngineOperations:Medium factory="false" calibrable="true" CategoryId="FILM" shortName="Generic Polyester Film" version="6.0.1" MediaChecksum="RAND54D2344055F231C26DFD9ED40DC1767C" longName="Generic Polyester Film" DonorId="300100" Revision="6.0.1" MediumId="300100">
        <EngineOperations:Localization language="en_US">
            <EngineOperations:Name>Generic Polyester Film</EngineOperations:Name>
            <EngineOperations:ShortName>Generic Polyester Film</EngineOperations:ShortName>
        </EngineOperations:Localization>
        <EngineOperations:CategoryLocalization Id="FILM" Name="Film" ShortName="Film"/>
        <EngineOperations:Calibration/>
        <EngineOperations:PaperModes>
            <paperModeList:PaperMode RecommendedResolution="600" WhiteMode="NA" Description="High Quality" DefaultMode="false" IccProfile="true" ColorMode="CMYKLITES" Name="12p_6c_120" InkDensity="120" HorizResolution="600" VertResolution="1200" IccProfileB="false" AllowedResolutions="300,600" Passes="12" Identification="bc522a1253946e62855e2664aa55106a378c8903">
                <paperModeList:Selectors>
                    <SelectorList:Selector key="ExtendedPm" value="XPM12"/>
                    <SelectorList:Selector key="InkDensity" value="L11"/>
                    <SelectorList:Selector key="InkDensityB" value="L11"/>
                    <SelectorList:Selector key="WhiteMode" value="SPOT"/>
                    <SelectorList:Selector key="ColorMode" value="CMYKLITES"/>
                </paperModeList:Selectors>
                <paperModeList:PropertyList>
                    <PropertyList:Property>
                        <property:Setting name="CuringCoolDownCancelableByNextJob" min="0" numericList="1" units="bool" max="1" step="1"/>
                    </PropertyList:Property>
                </paperModeList:PropertyList>
                <paperModeList:SupportedRasterConfigs>
                    <paperModeList:SupportedRasterConfig Key="PLANAR-CMYK-8-300-RasterStream_BANDS_ICF4"/>
                    <paperModeList:SupportedRasterConfig Key="PLANAR-CMYK-8-600-RasterStream_BANDS_ICF4"/>
                </paperModeList:SupportedRasterConfigs>
            </paperModeList:PaperMode>
            <paperModeList:PaperMode RecommendedResolution="600" WhiteMode="NA" Description="Production Quality" DefaultMode="false" IccProfile="true" ColorMode="CMYKLITES" Name="8p_6c_120" InkDensity="120" HorizResolution="600" VertResolution="1200" IccProfileB="false" AllowedResolutions="300,600" Passes="8" Identification="a419ba7792b44ac0602fb20b6ccd550c78000f23">
                <paperModeList:Selectors>
                    <SelectorList:Selector key="ExtendedPm" value="XPM8"/>
                    <SelectorList:Selector key="InkDensity" value="L11"/>
                    <SelectorList:Selector key="InkDensityB" value="L11"/>
                    <SelectorList:Selector key="WhiteMode" value="SPOT"/>
                    <SelectorList:Selector key="ColorMode" value="CMYKLITES"/>
                </paperModeList:Selectors>
                <paperModeList:PropertyList>
                    <PropertyList:Property>
                        <property:Setting name="CuringCoolDownCancelableByNextJob" min="0" numericList="1" units="bool" max="1" step="1"/>
                    </PropertyList:Property>
                </paperModeList:PropertyList>
                <paperModeList:SupportedRasterConfigs>
                    <paperModeList:SupportedRasterConfig Key="PLANAR-CMYK-8-300-RasterStream_BANDS_ICF4"/>
                    <paperModeList:SupportedRasterConfig Key="PLANAR-CMYK-8-600-RasterStream_BANDS_ICF4"/>
                </paperModeList:SupportedRasterConfigs>
            </paperModeList:PaperMode>
        </EngineOperations:PaperModes>
    </EngineOperations:Medium>
    <EngineOperations:Medium factory="false" calibrable="true" CategoryId="PVC_BANNER" shortName="Generic PPPE Banner" version="6.0.1" MediaChecksum="RANDA5E3DCD69023769C12C168DCCB52D126" longName="Generic PPPE Banner" DonorId="100104" Revision="6.0.1" MediumId="100104">
        <EngineOperations:Localization language="en_US">
            <EngineOperations:Name>Generic PPPE Banner</EngineOperations:Name>
            <EngineOperations:ShortName>Generic PPPE Banner</EngineOperations:ShortName>
        </EngineOperations:Localization>
        <EngineOperations:CategoryLocalization Id="PVC_BANNER" Name="PVC Banner" ShortName="PVC Banner"/>
        <EngineOperations:Calibration/>
        <EngineOperations:PaperModes>
            <paperModeList:PaperMode RecommendedResolution="600" WhiteMode="NA" Description="High Quality" DefaultMode="false" IccProfile="true" ColorMode="CMYKLITES" Name="8p_6c_120" InkDensity="120" HorizResolution="600" VertResolution="1200" IccProfileB="false" AllowedResolutions="300,600" Passes="8" Identification="a419ba7792b44ac0602fb20b6ccd550c78000f23">
                <paperModeList:Selectors>
                    <SelectorList:Selector key="ExtendedPm" value="XPM8"/>
                    <SelectorList:Selector key="InkDensity" value="L11"/>
                    <SelectorList:Selector key="InkDensityB" value="L11"/>
                    <SelectorList:Selector key="WhiteMode" value="SPOT"/>
                    <SelectorList:Selector key="ColorMode" value="CMYKLITES"/>
                </paperModeList:Selectors>
                <paperModeList:PropertyList>
                    <PropertyList:Property>
                        <property:Setting name="CuringTemperature_PRINTING" min="60" numericList="90" units="C" max="116" step="1"/>
                        <property:Setting name="CuringCoolDownCancelableByNextJob" min="0" numericList="1" units="bool" max="1" step="1"/>
                    </PropertyList:Property>
                </paperModeList:PropertyList>
                <paperModeList:SupportedRasterConfigs>
                    <paperModeList:SupportedRasterConfig Key="PLANAR-CMYK-8-300-RasterStream_BANDS_ICF4"/>
                    <paperModeList:SupportedRasterConfig Key="PLANAR-CMYK-8-600-RasterStream_BANDS_ICF4"/>
                </paperModeList:SupportedRasterConfigs>
            </paperModeList:PaperMode>
            <paperModeList:PaperMode RecommendedResolution="600" WhiteMode="NA" Description="Production Fast" DefaultMode="false" IccProfile="true" ColorMode="CMYKLITES" Name="4p_4c_100" InkDensity="100" HorizResolution="600" VertResolution="1200" IccProfileB="false" AllowedResolutions="300,600" Passes="4" Identification="a4cb312314dfd9b8a0521af164a9698ddc44518a">
                <paperModeList:Selectors>
                    <SelectorList:Selector key="ExtendedPm" value="XPM4"/>
                    <SelectorList:Selector key="InkDensity" value="L9"/>
                    <SelectorList:Selector key="InkDensityB" value="L9"/>
                    <SelectorList:Selector key="WhiteMode" value="SPOT"/>
                    <SelectorList:Selector key="ColorMode" value="CMYKLITES"/>
                </paperModeList:Selectors>
                <paperModeList:PropertyList>
                    <PropertyList:Property>
                        <property:Setting name="CuringCoolDownCancelableByNextJob" min="0" numericList="1" units="bool" max="1" step="1"/>
                    </PropertyList:Property>
                </paperModeList:PropertyList>
                <paperModeList:SupportedRasterConfigs>
                    <paperModeList:SupportedRasterConfig Key="PLANAR-CMYK-8-300-RasterStream_BANDS_ICF4"/>
                    <paperModeList:SupportedRasterConfig Key="PLANAR-CMYK-8-600-RasterStream_BANDS_ICF4"/>
                </paperModeList:SupportedRasterConfigs>
            </paperModeList:PaperMode>
            <paperModeList:PaperMode RecommendedResolution="600" WhiteMode="NA" Description="Production Quality" DefaultMode="false" IccProfile="true" ColorMode="CMYKLITES" Name="6p_6c_110" InkDensity="110" HorizResolution="600" VertResolution="1200" IccProfileB="false" AllowedResolutions="300,600" Passes="6" Identification="222e011e3b20154583a201c45d73db754d6c3d89">
                <paperModeList:Selectors>
                    <SelectorList:Selector key="ExtendedPm" value="XPM6"/>
                    <SelectorList:Selector key="InkDensity" value="L10"/>
                    <SelectorList:Selector key="InkDensityB" value="L10"/>
                    <SelectorList:Selector key="WhiteMode" value="SPOT"/>
                    <SelectorList:Selector key="ColorMode" value="CMYKLITES"/>
                </paperModeList:Selectors>
                <paperModeList:PropertyList>
                    <PropertyList:Property>
                        <property:Setting name="CuringTemperature_PRINTING" min="60" numericList="95" units="C" max="116" step="1"/>
                        <property:Setting name="CuringCoolDownCancelableByNextJob" min="0" numericList="1" units="bool" max="1" step="1"/>
                    </PropertyList:Property>
                </paperModeList:PropertyList>
                <paperModeList:SupportedRasterConfigs>
                    <paperModeList:SupportedRasterConfig Key="PLANAR-CMYK-8-300-RasterStream_BANDS_ICF4"/>
                    <paperModeList:SupportedRasterConfig Key="PLANAR-CMYK-8-600-RasterStream_BANDS_ICF4"/>
                </paperModeList:SupportedRasterConfigs>
            </paperModeList:PaperMode>
        </EngineOperations:PaperModes>
    </EngineOperations:Medium>
    <EngineOperations:Medium factory="false" calibrable="true" CategoryId="PVC_BANNER" shortName="Generic PVC Banner" version="6.0.1" MediaChecksum="RANDB73CE470AD799C00B9C97601D7E80E60" longName="Generic PVC Banner" DonorId="100100" Revision="6.0.1" MediumId="100100">
        <EngineOperations:Localization language="en_US">
            <EngineOperations:Name>Generic PVC Banner</EngineOperations:Name>
            <EngineOperations:ShortName>Generic PVC Banner</EngineOperations:ShortName>
        </EngineOperations:Localization>
        <EngineOperations:CategoryLocalization Id="PVC_BANNER" Name="PVC Banner" ShortName="PVC Banner"/>
        <EngineOperations:Calibration/>
        <EngineOperations:PaperModes>
            <paperModeList:PaperMode RecommendedResolution="600" WhiteMode="NA" Description="Production Fast" DefaultMode="false" IccProfile="true" ColorMode="CMYK" Name="4p_4c_100" InkDensity="100" HorizResolution="600" VertResolution="1200" IccProfileB="false" AllowedResolutions="300,600" Passes="4" Identification="066317adc3aec284527b66ecc51acb1586946427">
                <paperModeList:Selectors>
                    <SelectorList:Selector key="ExtendedPm" value="XPM4"/>
                    <SelectorList:Selector key="InkDensity" value="L9"/>
                    <SelectorList:Selector key="InkDensityB" value="L9"/>
                    <SelectorList:Selector key="WhiteMode" value="SPOT"/>
                    <SelectorList:Selector key="ColorMode" value="CMYK"/>
                </paperModeList:Selectors>
                <paperModeList:PropertyList>
                    <PropertyList:Property>
                        <property:Setting name="CuringTemperatureOvershoot_WARMUP" min="-10" numericList="-5" units="C" max="5" step="1"/>
                        <property:Setting name="CuringCoolDownCancelableByNextJob" min="0" numericList="1" units="bool" max="1" step="1"/>
                    </PropertyList:Property>
                </paperModeList:PropertyList>
                <paperModeList:SupportedRasterConfigs>
                    <paperModeList:SupportedRasterConfig Key="PLANAR-CMYK-8-300-RasterStream_BANDS_ICF4"/>
                    <paperModeList:SupportedRasterConfig Key="PLANAR-CMYK-8-600-RasterStream_BANDS_ICF4"/>
                </paperModeList:SupportedRasterConfigs>
            </paperModeList:PaperMode>
            <paperModeList:PaperMode RecommendedResolution="600" WhiteMode="NA" Description="Prodution Quality" DefaultMode="false" IccProfile="true" ColorMode="CMYKLITES" Name="6p_6c_110" InkDensity="110" HorizResolution="600" VertResolution="1200" IccProfileB="false" AllowedResolutions="300,600" Passes="6" Identification="222e011e3b20154583a201c45d73db754d6c3d89">
                <paperModeList:Selectors>
                    <SelectorList:Selector key="ExtendedPm" value="XPM6"/>
                    <SelectorList:Selector key="InkDensity" value="L10"/>
                    <SelectorList:Selector key="InkDensityB" value="L10"/>
                    <SelectorList:Selector key="WhiteMode" value="SPOT"/>
                    <SelectorList:Selector key="ColorMode" value="CMYKLITES"/>
                </paperModeList:Selectors>
                <paperModeList:PropertyList>
                    <PropertyList:Property>
                        <property:Setting name="CuringTemperature_PRINTING" min="60" numericList="95" units="C" max="116" step="1"/>
                        <property:Setting name="CuringCoolDownCancelableByNextJob" min="0" numericList="1" units="bool" max="1" step="1"/>
                    </PropertyList:Property>
                </paperModeList:PropertyList>
                <paperModeList:SupportedRasterConfigs>
                    <paperModeList:SupportedRasterConfig Key="PLANAR-CMYK-8-300-RasterStream_BANDS_ICF4"/>
                    <paperModeList:SupportedRasterConfig Key="PLANAR-CMYK-8-600-RasterStream_BANDS_ICF4"/>
                </paperModeList:SupportedRasterConfigs>
            </paperModeList:PaperMode>
        </EngineOperations:PaperModes>
    </EngineOperations:Medium>
    <EngineOperations:Medium factory="false" CategoryId="PVC_BANNER" shortName="Generic Backlit PVC Banner" version="6.0.1" MediaChecksum="RAND1887F6812305A1CEE7B123F8A77974D9" longName="Generic Backlit PVC Banner" DonorId="101100" Revision="6.0.1" MediumId="101100">
        <EngineOperations:Localization language="en_US">
            <EngineOperations:Name>Generic Backlit PVC Banner</EngineOperations:Name>
            <EngineOperations:ShortName>Generic Backlit PVC Banner</EngineOperations:ShortName>
        </EngineOperations:Localization>
        <EngineOperations:CategoryLocalization Id="PVC_BANNER" Name="PVC Banner" ShortName="PVC Banner"/>
        <EngineOperations:Calibration/>
        <EngineOperations:PaperModes>
            <paperModeList:PaperMode RecommendedResolution="600" WhiteMode="NA" Description="Production Quality" DefaultMode="false" IccProfile="true" ColorMode="CMYKLITES" Name="8p_6c_120" InkDensity="120" HorizResolution="600" VertResolution="1200" IccProfileB="false" AllowedResolutions="300,600" Passes="8" Identification="a419ba7792b44ac0602fb20b6ccd550c78000f23">
                <paperModeList:Selectors>
                    <SelectorList:Selector key="ExtendedPm" value="XPM8"/>
                    <SelectorList:Selector key="InkDensity" value="L11"/>
                    <SelectorList:Selector key="InkDensityB" value="L11"/>
                    <SelectorList:Selector key="WhiteMode" value="SPOT"/>
                    <SelectorList:Selector key="ColorMode" value="CMYKLITES"/>
                </paperModeList:Selectors>
                <paperModeList:PropertyList>
                    <PropertyList:Property>
                        <property:Setting name="CuringCoolDownCancelableByNextJob" min="0" numericList="1" units="bool" max="1" step="1"/>
                    </PropertyList:Property>
                </paperModeList:PropertyList>
                <paperModeList:SupportedRasterConfigs>
                    <paperModeList:SupportedRasterConfig Key="PLANAR-CMYK-8-300-RasterStream_BANDS_ICF4"/>
                    <paperModeList:SupportedRasterConfig Key="PLANAR-CMYK-8-600-RasterStream_BANDS_ICF4"/>
                </paperModeList:SupportedRasterConfigs>
            </paperModeList:PaperMode>
            <paperModeList:PaperMode RecommendedResolution="600" WhiteMode="NA" Description="High Quality" DefaultMode="false" IccProfile="true" ColorMode="CMYKLITES" Name="14p_6c_140" InkDensity="140" HorizResolution="600" VertResolution="1200" IccProfileB="false" AllowedResolutions="300,600" Passes="14" Identification="03dad181c06f2b4f4fc04f100f7fcf994dcb05ee">
                <paperModeList:Selectors>
                    <SelectorList:Selector key="ExtendedPm" value="XPM14"/>
                    <SelectorList:Selector key="InkDensity" value="L13"/>
                    <SelectorList:Selector key="InkDensityB" value="L13"/>
                    <SelectorList:Selector key="WhiteMode" value="SPOT"/>
                    <SelectorList:Selector key="ColorMode" value="CMYKLITES"/>
                </paperModeList:Selectors>
                <paperModeList:PropertyList>
                    <PropertyList:Property>
                        <property:Setting name="CuringTemperature_PRINTING" min="60" numericList="100" units="C" max="116" step="1"/>
                        <property:Setting name="CuringCoolDownCancelableByNextJob" min="0" numericList="1" units="bool" max="1" step="1"/>
                    </PropertyList:Property>
                </paperModeList:PropertyList>
                <paperModeList:SupportedRasterConfigs>
                    <paperModeList:SupportedRasterConfig Key="PLANAR-CMYK-8-300-RasterStream_BANDS_ICF4"/>
                    <paperModeList:SupportedRasterConfig Key="PLANAR-CMYK-8-600-RasterStream_BANDS_ICF4"/>
                </paperModeList:SupportedRasterConfigs>
            </paperModeList:PaperMode>
        </EngineOperations:PaperModes>
    </EngineOperations:Medium>
    <EngineOperations:Medium factory="false" calibrable="true" CategoryId="PLAIN_PAPER" shortName="Generic Paper" version="6.0.1" MediaChecksum="RANDF55BD7C5C9A86316955D5214756467F1" longName="Generic Paper" DonorId="200100" Revision="6.0.1" MediumId="200100">
        <EngineOperations:Localization language="en_US">
            <EngineOperations:Name>Generic Paper</EngineOperations:Name>
            <EngineOperations:ShortName>Generic Paper</EngineOperations:ShortName>
        </EngineOperations:Localization>
        <EngineOperations:CategoryLocalization Id="PLAIN_PAPER" Name="Paper" ShortName="Paper"/>
        <EngineOperations:Calibration/>
        <EngineOperations:PaperModes>
            <paperModeList:PaperMode RecommendedResolution="600" WhiteMode="NA" Description="Production Quality" DefaultMode="false" IccProfile="true" ColorMode="CMYKLITES" Name="6p_6c_100" InkDensity="100" HorizResolution="600" VertResolution="1200" IccProfileB="false" AllowedResolutions="300,600" Passes="6" Identification="fd2b8c5cca811ba391ea9741e365805fa7a3f97b">
                <paperModeList:Selectors>
                    <SelectorList:Selector key="ExtendedPm" value="XPM6"/>
                    <SelectorList:Selector key="InkDensity" value="L9"/>
                    <SelectorList:Selector key="InkDensityB" value="L9"/>
                    <SelectorList:Selector key="WhiteMode" value="SPOT"/>
                    <SelectorList:Selector key="ColorMode" value="CMYKLITES"/>
                </paperModeList:Selectors>
                <paperModeList:PropertyList>
                    <PropertyList:Property>
                        <property:Setting name="CuringCoolDownCancelableByNextJob" min="0" numericList="1" units="bool" max="1" step="1"/>
                    </PropertyList:Property>
                </paperModeList:PropertyList>
                <paperModeList:SupportedRasterConfigs>
                    <paperModeList:SupportedRasterConfig Key="PLANAR-CMYK-8-300-RasterStream_BANDS_ICF4"/>
                    <paperModeList:SupportedRasterConfig Key="PLANAR-CMYK-8-600-RasterStream_BANDS_ICF4"/>
                </paperModeList:SupportedRasterConfigs>
            </paperModeList:PaperMode>
            <paperModeList:PaperMode RecommendedResolution="600" WhiteMode="NA" Description="Production Fast" DefaultMode="false" IccProfile="true" ColorMode="CMYKLITES" Name="4p_6c_90" InkDensity="90" HorizResolution="600" VertResolution="1200" IccProfileB="false" AllowedResolutions="300,600" Passes="4" Identification="c2c1674301b09dbbc7f2223a0b6cce16a9d8b149">
                <paperModeList:Selectors>
                    <SelectorList:Selector key="ExtendedPm" value="XPM4"/>
                    <SelectorList:Selector key="InkDensity" value="L8"/>
                    <SelectorList:Selector key="InkDensityB" value="L8"/>
                    <SelectorList:Selector key="WhiteMode" value="SPOT"/>
                    <SelectorList:Selector key="ColorMode" value="CMYKLITES"/>
                </paperModeList:Selectors>
                <paperModeList:PropertyList>
                    <PropertyList:Property>
                        <property:Setting name="CuringCoolDownCancelableByNextJob" min="0" numericList="1" units="bool" max="1" step="1"/>
                    </PropertyList:Property>
                </paperModeList:PropertyList>
                <paperModeList:SupportedRasterConfigs>
                    <paperModeList:SupportedRasterConfig Key="PLANAR-CMYK-8-300-RasterStream_BANDS_ICF4"/>
                    <paperModeList:SupportedRasterConfig Key="PLANAR-CMYK-8-600-RasterStream_BANDS_ICF4"/>
                </paperModeList:SupportedRasterConfigs>
            </paperModeList:PaperMode>
        </EngineOperations:PaperModes>
    </EngineOperations:Medium>
    <EngineOperations:Medium factory="false" CategoryId="PLAIN_PAPER" shortName="Generic Backlit Paper" version="6.0.1" MediaChecksum="RAND6E26C1CDED2DADD426D5C2ADC411100A" longName="Generic Backlit Paper" DonorId="201100" Revision="6.0.1" MediumId="201100">
        <EngineOperations:Localization language="en_US">
            <EngineOperations:Name>Generic Backlit Paper</EngineOperations:Name>
            <EngineOperations:ShortName>Generic Backlit Paper</EngineOperations:ShortName>
        </EngineOperations:Localization>
        <EngineOperations:CategoryLocalization Id="PLAIN_PAPER" Name="Paper" ShortName="Paper"/>
        <EngineOperations:Calibration/>
        <EngineOperations:PaperModes>
            <paperModeList:PaperMode RecommendedResolution="600" WhiteMode="NA" Description="Production Quality" DefaultMode="false" IccProfile="true" ColorMode="CMYKLITES" Name="8p_6c_110" InkDensity="110" HorizResolution="600" VertResolution="1200" IccProfileB="false" AllowedResolutions="300,600" Passes="8" Identification="aafa9ba9e611df21845adac5e77598df787a1b5d">
                <paperModeList:Selectors>
                    <SelectorList:Selector key="ExtendedPm" value="XPM8"/>
                    <SelectorList:Selector key="InkDensity" value="L10"/>
                    <SelectorList:Selector key="InkDensityB" value="L10"/>
                    <SelectorList:Selector key="WhiteMode" value="SPOT"/>
                    <SelectorList:Selector key="ColorMode" value="CMYKLITES"/>
                </paperModeList:Selectors>
                <paperModeList:PropertyList>
                    <PropertyList:Property>
                        <property:Setting name="CuringCoolDownCancelableByNextJob" min="0" numericList="1" units="bool" max="1" step="1"/>
                    </PropertyList:Property>
                </paperModeList:PropertyList>
                <paperModeList:SupportedRasterConfigs>
                    <paperModeList:SupportedRasterConfig Key="PLANAR-CMYK-8-300-RasterStream_BANDS_ICF4"/>
                    <paperModeList:SupportedRasterConfig Key="PLANAR-CMYK-8-600-RasterStream_BANDS_ICF4"/>
                </paperModeList:SupportedRasterConfigs>
            </paperModeList:PaperMode>
            <paperModeList:PaperMode RecommendedResolution="600" WhiteMode="NA" Description="High Quality" DefaultMode="false" IccProfile="true" ColorMode="CMYKLITES" Name="14p_6c_140" InkDensity="140" HorizResolution="600" VertResolution="1200" IccProfileB="false" AllowedResolutions="300,600" Passes="14" Identification="03dad181c06f2b4f4fc04f100f7fcf994dcb05ee">
                <paperModeList:Selectors>
                    <SelectorList:Selector key="ExtendedPm" value="XPM14"/>
                    <SelectorList:Selector key="InkDensity" value="L13"/>
                    <SelectorList:Selector key="InkDensityB" value="L13"/>
                    <SelectorList:Selector key="WhiteMode" value="SPOT"/>
                    <SelectorList:Selector key="ColorMode" value="CMYKLITES"/>
                </paperModeList:Selectors>
                <paperModeList:PropertyList>
                    <PropertyList:Property>
                        <property:Setting name="CuringCoolDownCancelableByNextJob" min="0" numericList="1" units="bool" max="1" step="1"/>
                    </PropertyList:Property>
                </paperModeList:PropertyList>
                <paperModeList:SupportedRasterConfigs>
                    <paperModeList:SupportedRasterConfig Key="PLANAR-CMYK-8-300-RasterStream_BANDS_ICF4"/>
                    <paperModeList:SupportedRasterConfig Key="PLANAR-CMYK-8-600-RasterStream_BANDS_ICF4"/>
                </paperModeList:SupportedRasterConfigs>
            </paperModeList:PaperMode>
        </EngineOperations:PaperModes>
    </EngineOperations:Medium>
    <EngineOperations:Medium factory="false" calibrable="true" CategoryId="PLAIN_PAPER" shortName="Generic BlueBack" version="6.0.1" MediaChecksum="RAND495DC30F534F8BA53DA0973722454270" longName="Generic Blueback Paper" DonorId="200105" Revision="6.0.1" MediumId="200105">
        <EngineOperations:Localization language="en_US">
            <EngineOperations:Name>Generic Blueback Paper</EngineOperations:Name>
            <EngineOperations:ShortName>Generic BlueBack</EngineOperations:ShortName>
        </EngineOperations:Localization>
        <EngineOperations:CategoryLocalization Id="PLAIN_PAPER" Name="Paper" ShortName="Paper"/>
        <EngineOperations:Calibration/>
        <EngineOperations:PaperModes>
            <paperModeList:PaperMode RecommendedResolution="600" WhiteMode="NA" Description="Production Quality" DefaultMode="false" IccProfile="true" ColorMode="CMYKLITES" Name="6p_6c_80" InkDensity="80" HorizResolution="600" VertResolution="1200" IccProfileB="false" AllowedResolutions="300,600" Passes="6" Identification="c5194cfeceb1b0cd30157c521b8890bba88b9e60">
                <paperModeList:Selectors>
                    <SelectorList:Selector key="ExtendedPm" value="XPM6"/>
                    <SelectorList:Selector key="InkDensity" value="L7"/>
                    <SelectorList:Selector key="InkDensityB" value="L7"/>
                    <SelectorList:Selector key="WhiteMode" value="SPOT"/>
                    <SelectorList:Selector key="ColorMode" value="CMYKLITES"/>
                </paperModeList:Selectors>
                <paperModeList:PropertyList/>
                <paperModeList:SupportedRasterConfigs>
                    <paperModeList:SupportedRasterConfig Key="PLANAR-CMYK-8-300-RasterStream_BANDS_ICF4"/>
                    <paperModeList:SupportedRasterConfig Key="PLANAR-CMYK-8-600-RasterStream_BANDS_ICF4"/>
                </paperModeList:SupportedRasterConfigs>
            </paperModeList:PaperMode>
        </EngineOperations:PaperModes>
    </EngineOperations:Medium>
    <EngineOperations:Medium factory="false" calibrable="true" CategoryId="PLAIN_PAPER" shortName="Generic Coated Paper" version="6.0.1" MediaChecksum="RAND155D5C50EEB0F0DE952BBA981BB46598" longName="Generic Coated Paper" DonorId="200101" Revision="6.0.1" MediumId="200101">
        <EngineOperations:Localization language="en_US">
            <EngineOperations:Name>Generic Coated Paper</EngineOperations:Name>
            <EngineOperations:ShortName>Generic Coated Paper</EngineOperations:ShortName>
        </EngineOperations:Localization>
        <EngineOperations:CategoryLocalization Id="PLAIN_PAPER" Name="Paper" ShortName="Paper"/>
        <EngineOperations:Calibration/>
        <EngineOperations:PaperModes>
            <paperModeList:PaperMode RecommendedResolution="600" WhiteMode="NA" Description="Max Quality" DefaultMode="false" IccProfile="true" ColorMode="CMYKLITES" Name="12p_6c_120" InkDensity="120" HorizResolution="600" VertResolution="1200" IccProfileB="false" AllowedResolutions="300,600" Passes="12" Identification="bc522a1253946e62855e2664aa55106a378c8903">
                <paperModeList:Selectors>
                    <SelectorList:Selector key="ExtendedPm" value="XPM12"/>
                    <SelectorList:Selector key="InkDensity" value="L11"/>
                    <SelectorList:Selector key="InkDensityB" value="L11"/>
                    <SelectorList:Selector key="WhiteMode" value="SPOT"/>
                    <SelectorList:Selector key="ColorMode" value="CMYKLITES"/>
                </paperModeList:Selectors>
                <paperModeList:PropertyList>
                    <PropertyList:Property>
                        <property:Setting name="CuringTemperature_PRINTING" min="60" numericList="75" units="C" max="116" step="1"/>
                        <property:Setting name="CuringCoolDownCancelableByNextJob" min="0" numericList="1" units="bool" max="1" step="1"/>
                    </PropertyList:Property>
                </paperModeList:PropertyList>
                <paperModeList:SupportedRasterConfigs>
                    <paperModeList:SupportedRasterConfig Key="PLANAR-CMYK-8-300-RasterStream_BANDS_ICF4"/>
                    <paperModeList:SupportedRasterConfig Key="PLANAR-CMYK-8-600-RasterStream_BANDS_ICF4"/>
                </paperModeList:SupportedRasterConfigs>
            </paperModeList:PaperMode>
            <paperModeList:PaperMode RecommendedResolution="600" WhiteMode="NA" Description="Production Quality" DefaultMode="false" IccProfile="true" ColorMode="CMYKLITES" Name="6p_6c_100" InkDensity="100" HorizResolution="600" VertResolution="1200" IccProfileB="false" AllowedResolutions="300,600" Passes="6" Identification="fd2b8c5cca811ba391ea9741e365805fa7a3f97b">
                <paperModeList:Selectors>
                    <SelectorList:Selector key="ExtendedPm" value="XPM6"/>
                    <SelectorList:Selector key="InkDensity" value="L9"/>
                    <SelectorList:Selector key="InkDensityB" value="L9"/>
                    <SelectorList:Selector key="WhiteMode" value="SPOT"/>
                    <SelectorList:Selector key="ColorMode" value="CMYKLITES"/>
                </paperModeList:Selectors>
                <paperModeList:PropertyList>
                    <PropertyList:Property>
                        <property:Setting name="CuringTemperature_PRINTING" min="60" numericList="75" units="C" max="116" step="1"/>
                        <property:Setting name="CuringTemperatureOvershoot_WARMUP" min="-10" numericList="-10" units="C" max="5" step="1"/>
                        <property:Setting name="PrintZoneTemperature_PRINTING" min="40" numericList="40" units="C" max="65" step="1"/>
                        <property:Setting name="CuringCoolDownCancelableByNextJob" min="0" numericList="1" units="bool" max="1" step="1"/>
                        <property:Setting name="CuringPressure_PRINTING" min="0" numericList="400" units="mmH2O*100" max="320" step="10"/>
                    </PropertyList:Property>
                </paperModeList:PropertyList>
                <paperModeList:SupportedRasterConfigs>
                    <paperModeList:SupportedRasterConfig Key="PLANAR-CMYK-8-300-RasterStream_BANDS_ICF4"/>
                    <paperModeList:SupportedRasterConfig Key="PLANAR-CMYK-8-600-RasterStream_BANDS_ICF4"/>
                </paperModeList:SupportedRasterConfigs>
            </paperModeList:PaperMode>
            <paperModeList:PaperMode RecommendedResolution="600" WhiteMode="NA" Description="High Quality" DefaultMode="false" IccProfile="true" ColorMode="CMYKLITES" Name="8p_6c_110" InkDensity="110" HorizResolution="600" VertResolution="1200" IccProfileB="false" AllowedResolutions="300,600" Passes="8" Identification="aafa9ba9e611df21845adac5e77598df787a1b5d">
                <paperModeList:Selectors>
                    <SelectorList:Selector key="ExtendedPm" value="XPM8"/>
                    <SelectorList:Selector key="InkDensity" value="L10"/>
                    <SelectorList:Selector key="InkDensityB" value="L10"/>
                    <SelectorList:Selector key="WhiteMode" value="SPOT"/>
                    <SelectorList:Selector key="ColorMode" value="CMYKLITES"/>
                </paperModeList:Selectors>
                <paperModeList:PropertyList>
                    <PropertyList:Property>
                        <property:Setting name="CuringTemperature_PRINTING" min="60" numericList="75" units="C" max="116" step="1"/>
                        <property:Setting name="CuringCoolDownCancelableByNextJob" min="0" numericList="1" units="bool" max="1" step="1"/>
                    </PropertyList:Property>
                </paperModeList:PropertyList>
                <paperModeList:SupportedRasterConfigs>
                    <paperModeList:SupportedRasterConfig Key="PLANAR-CMYK-8-300-RasterStream_BANDS_ICF4"/>
                    <paperModeList:SupportedRasterConfig Key="PLANAR-CMYK-8-600-RasterStream_BANDS_ICF4"/>
                </paperModeList:SupportedRasterConfigs>
            </paperModeList:PaperMode>
            <paperModeList:PaperMode RecommendedResolution="600" WhiteMode="NA" Description="Production Fast" DefaultMode="false" IccProfile="true" ColorMode="CMYKLITES" Name="4p_6c_90" InkDensity="90" HorizResolution="600" VertResolution="1200" IccProfileB="false" AllowedResolutions="300,600" Passes="4" Identification="c2c1674301b09dbbc7f2223a0b6cce16a9d8b149">
                <paperModeList:Selectors>
                    <SelectorList:Selector key="ExtendedPm" value="XPM4"/>
                    <SelectorList:Selector key="InkDensity" value="L8"/>
                    <SelectorList:Selector key="InkDensityB" value="L8"/>
                    <SelectorList:Selector key="WhiteMode" value="SPOT"/>
                    <SelectorList:Selector key="ColorMode" value="CMYKLITES"/>
                </paperModeList:Selectors>
                <paperModeList:PropertyList>
                    <PropertyList:Property>
                        <property:Setting name="CuringCoolDownCancelableByNextJob" min="0" numericList="1" units="bool" max="1" step="1"/>
                    </PropertyList:Property>
                </paperModeList:PropertyList>
                <paperModeList:SupportedRasterConfigs>
                    <paperModeList:SupportedRasterConfig Key="PLANAR-CMYK-8-300-RasterStream_BANDS_ICF4"/>
                    <paperModeList:SupportedRasterConfig Key="PLANAR-CMYK-8-600-RasterStream_BANDS_ICF4"/>
                </paperModeList:SupportedRasterConfigs>
            </paperModeList:PaperMode>
        </EngineOperations:PaperModes>
    </EngineOperations:Medium>
    <EngineOperations:Medium factory="false" calibrable="true" CategoryId="ADHESIVE" shortName="Generic Self-Adhesive Vinyl" version="2.0.0" MediaChecksum="RANDD059B3E1558E6EEDB0DDA92D96D8B4F7" longName="Generic Self-Adhesive Vinyl" DonorId="150100" Revision="2.0.0" MediumId="150100">
        <EngineOperations:Localization language="en_US">
            <EngineOperations:Name>Generic Self-Adhesive Vinyl</EngineOperations:Name>
            <EngineOperations:ShortName>Generic Self-Adhesive Vinyl</EngineOperations:ShortName>
        </EngineOperations:Localization>
        <EngineOperations:CategoryLocalization Id="ADHESIVE" Name="Self-Adhesive Vinyl" ShortName="Self-Adhesive Vinyl"/>
        <EngineOperations:Calibration/>
        <EngineOperations:PaperModes>
            <paperModeList:PaperMode RecommendedResolution="600" WhiteMode="NA" Description="High Quality" DefaultMode="false" IccProfile="true" ColorMode="CMYKLITES" Name="12p_6c_120" InkDensity="120" HorizResolution="600" VertResolution="1200" IccProfileB="false" AllowedResolutions="300,600" Passes="12" Identification="bc522a1253946e62855e2664aa55106a378c8903">
                <paperModeList:Selectors>
                    <SelectorList:Selector key="ExtendedPm" value="XPM12"/>
                    <SelectorList:Selector key="InkDensity" value="L11"/>
                    <SelectorList:Selector key="InkDensityB" value="L11"/>
                    <SelectorList:Selector key="WhiteMode" value="SPOT"/>
                    <SelectorList:Selector key="ColorMode" value="CMYKLITES"/>
                </paperModeList:Selectors>
                <paperModeList:PropertyList>
                    <PropertyList:Property>
                        <property:Setting name="CuringTemperature_PRINTING" min="60" numericList="90" units="C" max="116" step="1"/>
                        <property:Setting name="CuringCoolDownCancelableByNextJob" min="0" numericList="1" units="bool" max="1" step="1"/>
                    </PropertyList:Property>
                </paperModeList:PropertyList>
                <paperModeList:SupportedRasterConfigs>
                    <paperModeList:SupportedRasterConfig Key="PLANAR-CMYK-8-300-RasterStream_BANDS_ICF4"/>
                    <paperModeList:SupportedRasterConfig Key="PLANAR-CMYK-8-600-RasterStream_BANDS_ICF4"/>
                </paperModeList:SupportedRasterConfigs>
            </paperModeList:PaperMode>
            <paperModeList:PaperMode RecommendedResolution="600" WhiteMode="NA" Description="Production Fast" DefaultMode="false" IccProfile="true" ColorMode="CMYKLITES" Name="6p_6c_100" InkDensity="100" HorizResolution="600" VertResolution="1200" IccProfileB="false" AllowedResolutions="300,600" Passes="6" Identification="fd2b8c5cca811ba391ea9741e365805fa7a3f97b">
                <paperModeList:Selectors>
                    <SelectorList:Selector key="ExtendedPm" value="XPM6"/>
                    <SelectorList:Selector key="InkDensity" value="L9"/>
                    <SelectorList:Selector key="InkDensityB" value="L9"/>
                    <SelectorList:Selector key="WhiteMode" value="SPOT"/>
                    <SelectorList:Selector key="ColorMode" value="CMYKLITES"/>
                </paperModeList:Selectors>
                <paperModeList:PropertyList>
                    <PropertyList:Property>
                        <property:Setting name="CuringTemperature_PRINTING" min="60" numericList="95" units="C" max="116" step="1"/>
                        <property:Setting name="CuringCoolDownCancelableByNextJob" min="0" numericList="1" units="bool" max="1" step="1"/>
                    </PropertyList:Property>
                </paperModeList:PropertyList>
                <paperModeList:SupportedRasterConfigs>
                    <paperModeList:SupportedRasterConfig Key="PLANAR-CMYK-8-300-RasterStream_BANDS_ICF4"/>
                    <paperModeList:SupportedRasterConfig Key="PLANAR-CMYK-8-600-RasterStream_BANDS_ICF4"/>
                </paperModeList:SupportedRasterConfigs>
            </paperModeList:PaperMode>
            <paperModeList:PaperMode RecommendedResolution="600" WhiteMode="NA" Description="Production Quality" DefaultMode="false" IccProfile="true" ColorMode="CMYKLITES" Name="8p_6c_110" InkDensity="110" HorizResolution="600" VertResolution="1200" IccProfileB="false" AllowedResolutions="300,600" Passes="8" Identification="aafa9ba9e611df21845adac5e77598df787a1b5d">
                <paperModeList:Selectors>
                    <SelectorList:Selector key="ExtendedPm" value="XPM8"/>
                    <SelectorList:Selector key="InkDensity" value="L10"/>
                    <SelectorList:Selector key="InkDensityB" value="L10"/>
                    <SelectorList:Selector key="WhiteMode" value="SPOT"/>
                    <SelectorList:Selector key="ColorMode" value="CMYKLITES"/>
                </paperModeList:Selectors>
                <paperModeList:PropertyList>
                    <PropertyList:Property>
                        <property:Setting name="CuringTemperature_PRINTING" min="60" numericList="90" units="C" max="116" step="1"/>
                        <property:Setting name="CuringCoolDownCancelableByNextJob" min="0" numericList="1" units="bool" max="1" step="1"/>
                    </PropertyList:Property>
                </paperModeList:PropertyList>
                <paperModeList:SupportedRasterConfigs>
                    <paperModeList:SupportedRasterConfig Key="PLANAR-CMYK-8-300-RasterStream_BANDS_ICF4"/>
                    <paperModeList:SupportedRasterConfig Key="PLANAR-CMYK-8-600-RasterStream_BANDS_ICF4"/>
                </paperModeList:SupportedRasterConfigs>
            </paperModeList:PaperMode>
        </EngineOperations:PaperModes>
    </EngineOperations:Medium>
    <EngineOperations:Medium factory="false" CategoryId="ADHESIVE" shortName="Generic Backlit Self-Adhesive Vinyl" version="6.0.1" MediaChecksum="RANDE1069BE197932574FA4DD17DF95D6F5E" longName="Generic Backlit Self-Adhesive Vinyl" DonorId="151100" Revision="6.0.1" MediumId="151100">
        <EngineOperations:Localization language="en_US">
            <EngineOperations:Name>Generic Backlit Self-Adhesive Vinyl</EngineOperations:Name>
            <EngineOperations:ShortName>Generic Backlit Self-Adhesive Vinyl</EngineOperations:ShortName>
        </EngineOperations:Localization>
        <EngineOperations:CategoryLocalization Id="ADHESIVE" Name="Self-Adhesive Vinyl" ShortName="Self-Adhesive Vinyl"/>
        <EngineOperations:Calibration/>
        <EngineOperations:PaperModes>
            <paperModeList:PaperMode RecommendedResolution="600" WhiteMode="NA" Description="Production Quality" DefaultMode="false" IccProfile="true" ColorMode="CMYKLITES" Name="8p_6c_120" InkDensity="110" HorizResolution="600" VertResolution="1200" IccProfileB="false" AllowedResolutions="300,600" Passes="8" Identification="aafa9ba9e611df21845adac5e77598df787a1b5d">
                <paperModeList:Selectors>
                    <SelectorList:Selector key="ExtendedPm" value="XPM8"/>
                    <SelectorList:Selector key="InkDensity" value="L10"/>
                    <SelectorList:Selector key="InkDensityB" value="L10"/>
                    <SelectorList:Selector key="WhiteMode" value="SPOT"/>
                    <SelectorList:Selector key="ColorMode" value="CMYKLITES"/>
                </paperModeList:Selectors>
                <paperModeList:PropertyList>
                    <PropertyList:Property>
                        <property:Setting name="CuringCoolDownCancelableByNextJob" min="0" numericList="1" units="bool" max="1" step="1"/>
                    </PropertyList:Property>
                </paperModeList:PropertyList>
                <paperModeList:SupportedRasterConfigs>
                    <paperModeList:SupportedRasterConfig Key="PLANAR-CMYK-8-300-RasterStream_BANDS_ICF4"/>
                    <paperModeList:SupportedRasterConfig Key="PLANAR-CMYK-8-600-RasterStream_BANDS_ICF4"/>
                </paperModeList:SupportedRasterConfigs>
            </paperModeList:PaperMode>
            <paperModeList:PaperMode RecommendedResolution="600" WhiteMode="NA" Description="High Quality" DefaultMode="false" IccProfile="true" ColorMode="CMYKLITES" Name="14p_6c_140" InkDensity="140" HorizResolution="600" VertResolution="1200" IccProfileB="false" AllowedResolutions="300,600" Passes="14" Identification="03dad181c06f2b4f4fc04f100f7fcf994dcb05ee">
                <paperModeList:Selectors>
                    <SelectorList:Selector key="ExtendedPm" value="XPM14"/>
                    <SelectorList:Selector key="InkDensity" value="L13"/>
                    <SelectorList:Selector key="InkDensityB" value="L13"/>
                    <SelectorList:Selector key="WhiteMode" value="SPOT"/>
                    <SelectorList:Selector key="ColorMode" value="CMYKLITES"/>
                </paperModeList:Selectors>
                <paperModeList:PropertyList>
                    <PropertyList:Property>
                        <property:Setting name="VacuumFactor" min="0.100000001" numericList="1" max="5" step="0.100000001"/>
                        <property:Setting name="CuringTemperature_PRINTING" min="60" numericList="90" units="C" max="116" step="1"/>
                        <property:Setting name="CuringCoolDownCancelableByNextJob" min="0" numericList="1" units="bool" max="1" step="1"/>
                    </PropertyList:Property>
                </paperModeList:PropertyList>
                <paperModeList:SupportedRasterConfigs>
                    <paperModeList:SupportedRasterConfig Key="PLANAR-CMYK-8-300-RasterStream_BANDS_ICF4"/>
                    <paperModeList:SupportedRasterConfig Key="PLANAR-CMYK-8-600-RasterStream_BANDS_ICF4"/>
                </paperModeList:SupportedRasterConfigs>
            </paperModeList:PaperMode>
        </EngineOperations:PaperModes>
    </EngineOperations:Medium>
    <EngineOperations:Medium factory="false" calibrable="true" CategoryId="ADHESIVE" shortName="Generic Self-Adhesive Vinyl Cast" version="2.0.0" MediaChecksum="RAND271BEADCC0F053723CD78A53D4DE329C" longName="Generic Self-Adhesive Vinyl Cast" DonorId="150100" Revision="2.0.0" MediumId="150102">
        <EngineOperations:Localization language="en_US">
            <EngineOperations:Name>Generic Self-Adhesive Vinyl Cast</EngineOperations:Name>
            <EngineOperations:ShortName>Generic Self-Adhesive Vinyl Cast</EngineOperations:ShortName>
        </EngineOperations:Localization>
        <EngineOperations:CategoryLocalization Id="ADHESIVE" Name="Self-Adhesive Vinyl" ShortName="Self-Adhesive Vinyl"/>
        <EngineOperations:Calibration/>
        <EngineOperations:PaperModes>
            <paperModeList:PaperMode RecommendedResolution="600" WhiteMode="NA" Description="High Quality" DefaultMode="false" IccProfile="true" ColorMode="CMYKLITES" Name="12p_6c_120" InkDensity="120" HorizResolution="600" VertResolution="1200" IccProfileB="false" AllowedResolutions="300,600" Passes="12" Identification="bc522a1253946e62855e2664aa55106a378c8903">
                <paperModeList:Selectors>
                    <SelectorList:Selector key="ExtendedPm" value="XPM12"/>
                    <SelectorList:Selector key="InkDensity" value="L11"/>
                    <SelectorList:Selector key="InkDensityB" value="L11"/>
                    <SelectorList:Selector key="WhiteMode" value="SPOT"/>
                    <SelectorList:Selector key="ColorMode" value="CMYKLITES"/>
                </paperModeList:Selectors>
                <paperModeList:PropertyList>
                    <PropertyList:Property>
                        <property:Setting name="VacuumFactor" min="0.100000001" numericList="1" max="5" step="0.100000001"/>
                        <property:Setting name="CuringTemperature_PRINTING" min="60" numericList="90" units="C" max="116" step="1"/>
                        <property:Setting name="CuringCoolDownCancelableByNextJob" min="0" numericList="1" units="bool" max="1" step="1"/>
                    </PropertyList:Property>
                </paperModeList:PropertyList>
                <paperModeList:SupportedRasterConfigs>
                    <paperModeList:SupportedRasterConfig Key="PLANAR-CMYK-8-300-RasterStream_BANDS_ICF4"/>
                    <paperModeList:SupportedRasterConfig Key="PLANAR-CMYK-8-600-RasterStream_BANDS_ICF4"/>
                </paperModeList:SupportedRasterConfigs>
            </paperModeList:PaperMode>
            <paperModeList:PaperMode RecommendedResolution="600" WhiteMode="NA" Description="Production Quality" DefaultMode="false" IccProfile="true" ColorMode="CMYKLITES" Name="8p_6c_110" InkDensity="110" HorizResolution="600" VertResolution="1200" IccProfileB="false" AllowedResolutions="300,600" Passes="8" Identification="aafa9ba9e611df21845adac5e77598df787a1b5d">
                <paperModeList:Selectors>
                    <SelectorList:Selector key="ExtendedPm" value="XPM8"/>
                    <SelectorList:Selector key="InkDensity" value="L10"/>
                    <SelectorList:Selector key="InkDensityB" value="L10"/>
                    <SelectorList:Selector key="WhiteMode" value="SPOT"/>
                    <SelectorList:Selector key="ColorMode" value="CMYKLITES"/>
                </paperModeList:Selectors>
                <paperModeList:PropertyList>
                    <PropertyList:Property>
                        <property:Setting name="VacuumFactor" min="0.100000001" numericList="1" max="5" step="0.100000001"/>
                        <property:Setting name="CuringTemperature_PRINTING" min="60" numericList="90" units="C" max="116" step="1"/>
                        <property:Setting name="CuringCoolDownCancelableByNextJob" min="0" numericList="1" units="bool" max="1" step="1"/>
                    </PropertyList:Property>
                </paperModeList:PropertyList>
                <paperModeList:SupportedRasterConfigs>
                    <paperModeList:SupportedRasterConfig Key="PLANAR-CMYK-8-300-RasterStream_BANDS_ICF4"/>
                    <paperModeList:SupportedRasterConfig Key="PLANAR-CMYK-8-600-RasterStream_BANDS_ICF4"/>
                </paperModeList:SupportedRasterConfigs>
            </paperModeList:PaperMode>
        </EngineOperations:PaperModes>
    </EngineOperations:Medium>
    <EngineOperations:Medium factory="false" calibrable="true" CategoryId="FILM" shortName="Generic PP &amp; PE Synthetics" version="6.0.1" MediaChecksum="RAND1943BAB45B0E7956C9205473C3E1FFB6" longName="Generic PP &amp; PE Synthetics" DonorId="250100" Revision="6.0.1" MediumId="250100">
        <EngineOperations:Localization language="en_US">
            <EngineOperations:Name>Generic PP &amp; PE Synthetics</EngineOperations:Name>
            <EngineOperations:ShortName>Generic PP &amp; PE Synthetics</EngineOperations:ShortName>
        </EngineOperations:Localization>
        <EngineOperations:CategoryLocalization Id="FILM" Name="Film" ShortName="Film"/>
        <EngineOperations:Calibration/>
        <EngineOperations:PaperModes>
            <paperModeList:PaperMode RecommendedResolution="600" WhiteMode="NA" Description="High Quality" DefaultMode="false" IccProfile="true" ColorMode="CMYKLITES" Name="8p_6c_120" InkDensity="120" HorizResolution="600" VertResolution="1200" IccProfileB="false" AllowedResolutions="300,600" Passes="8" Identification="a419ba7792b44ac0602fb20b6ccd550c78000f23">
                <paperModeList:Selectors>
                    <SelectorList:Selector key="ExtendedPm" value="XPM8"/>
                    <SelectorList:Selector key="InkDensity" value="L11"/>
                    <SelectorList:Selector key="InkDensityB" value="L11"/>
                    <SelectorList:Selector key="WhiteMode" value="SPOT"/>
                    <SelectorList:Selector key="ColorMode" value="CMYKLITES"/>
                </paperModeList:Selectors>
                <paperModeList:PropertyList>
                    <PropertyList:Property>
                        <property:Setting name="CuringTemperature_PRINTING" min="60" numericList="90" units="C" max="116" step="1"/>
                        <property:Setting name="CuringCoolDownCancelableByNextJob" min="0" numericList="1" units="bool" max="1" step="1"/>
                    </PropertyList:Property>
                </paperModeList:PropertyList>
                <paperModeList:SupportedRasterConfigs>
                    <paperModeList:SupportedRasterConfig Key="PLANAR-CMYK-8-300-RasterStream_BANDS_ICF4"/>
                    <paperModeList:SupportedRasterConfig Key="PLANAR-CMYK-8-600-RasterStream_BANDS_ICF4"/>
                </paperModeList:SupportedRasterConfigs>
            </paperModeList:PaperMode>
            <paperModeList:PaperMode RecommendedResolution="600" WhiteMode="NA" Description="Production Fast" DefaultMode="false" IccProfile="true" ColorMode="CMYKLITES" Name="4p_6c_100" InkDensity="100" HorizResolution="600" VertResolution="1200" IccProfileB="false" AllowedResolutions="300,600" Passes="4" Identification="a4cb312314dfd9b8a0521af164a9698ddc44518a">
                <paperModeList:Selectors>
                    <SelectorList:Selector key="ExtendedPm" value="XPM4"/>
                    <SelectorList:Selector key="InkDensity" value="L9"/>
                    <SelectorList:Selector key="InkDensityB" value="L9"/>
                    <SelectorList:Selector key="WhiteMode" value="SPOT"/>
                    <SelectorList:Selector key="ColorMode" value="CMYKLITES"/>
                </paperModeList:Selectors>
                <paperModeList:PropertyList>
                    <PropertyList:Property>
                        <property:Setting name="CuringCoolDownCancelableByNextJob" min="0" numericList="1" units="bool" max="1" step="1"/>
                    </PropertyList:Property>
                </paperModeList:PropertyList>
                <paperModeList:SupportedRasterConfigs>
                    <paperModeList:SupportedRasterConfig Key="PLANAR-CMYK-8-300-RasterStream_BANDS_ICF4"/>
                    <paperModeList:SupportedRasterConfig Key="PLANAR-CMYK-8-600-RasterStream_BANDS_ICF4"/>
                </paperModeList:SupportedRasterConfigs>
            </paperModeList:PaperMode>
            <paperModeList:PaperMode RecommendedResolution="600" WhiteMode="NA" Description="Production Quality" DefaultMode="false" IccProfile="true" ColorMode="CMYKLITES" Name="6p_6c_110" InkDensity="110" HorizResolution="600" VertResolution="1200" IccProfileB="false" AllowedResolutions="300,600" Passes="6" Identification="222e011e3b20154583a201c45d73db754d6c3d89">
                <paperModeList:Selectors>
                    <SelectorList:Selector key="ExtendedPm" value="XPM6"/>
                    <SelectorList:Selector key="InkDensity" value="L10"/>
                    <SelectorList:Selector key="InkDensityB" value="L10"/>
                    <SelectorList:Selector key="WhiteMode" value="SPOT"/>
                    <SelectorList:Selector key="ColorMode" value="CMYKLITES"/>
                </paperModeList:Selectors>
                <paperModeList:PropertyList>
                    <PropertyList:Property>
                        <property:Setting name="CuringTemperature_PRINTING" min="60" numericList="95" units="C" max="116" step="1"/>
                        <property:Setting name="CuringCoolDownCancelableByNextJob" min="0" numericList="1" units="bool" max="1" step="1"/>
                    </PropertyList:Property>
                </paperModeList:PropertyList>
                <paperModeList:SupportedRasterConfigs>
                    <paperModeList:SupportedRasterConfig Key="PLANAR-CMYK-8-300-RasterStream_BANDS_ICF4"/>
                    <paperModeList:SupportedRasterConfig Key="PLANAR-CMYK-8-600-RasterStream_BANDS_ICF4"/>
                </paperModeList:SupportedRasterConfigs>
            </paperModeList:PaperMode>
        </EngineOperations:PaperModes>
    </EngineOperations:Medium>
    <EngineOperations:Medium factory="false" CategoryId="FILM" shortName="Generic Backlit PP &amp; PE Synthetics" version="6.0.1" MediaChecksum="RAND8F77FAC73CD085A829D3047C1BFE9429" longName="Generic Backlit PP &amp; PE Synthetics" DonorId="251100" Revision="6.0.1" MediumId="251100">
        <EngineOperations:Localization language="en_US">
            <EngineOperations:Name>Generic Backlit PP &amp; PE Synthetics</EngineOperations:Name>
            <EngineOperations:ShortName>Generic Backlit PP &amp; PE Synthetics</EngineOperations:ShortName>
        </EngineOperations:Localization>
        <EngineOperations:CategoryLocalization Id="FILM" Name="Film" ShortName="Film"/>
        <EngineOperations:Calibration/>
        <EngineOperations:PaperModes>
            <paperModeList:PaperMode RecommendedResolution="600" WhiteMode="NA" Description="Production Quality" DefaultMode="false" IccProfile="true" ColorMode="CMYKLITES" Name="8p_6c_120" InkDensity="120" HorizResolution="600" VertResolution="1200" IccProfileB="false" AllowedResolutions="300,600" Passes="8" Identification="a419ba7792b44ac0602fb20b6ccd550c78000f23">
                <paperModeList:Selectors>
                    <SelectorList:Selector key="ExtendedPm" value="XPM8"/>
                    <SelectorList:Selector key="InkDensity" value="L11"/>
                    <SelectorList:Selector key="InkDensityB" value="L11"/>
                    <SelectorList:Selector key="WhiteMode" value="SPOT"/>
                    <SelectorList:Selector key="ColorMode" value="CMYKLITES"/>
                </paperModeList:Selectors>
                <paperModeList:PropertyList>
                    <PropertyList:Property>
                        <property:Setting name="CuringCoolDownCancelableByNextJob" min="0" numericList="1" units="bool" max="1" step="1"/>
                    </PropertyList:Property>
                </paperModeList:PropertyList>
                <paperModeList:SupportedRasterConfigs>
                    <paperModeList:SupportedRasterConfig Key="PLANAR-CMYK-8-300-RasterStream_BANDS_ICF4"/>
                    <paperModeList:SupportedRasterConfig Key="PLANAR-CMYK-8-600-RasterStream_BANDS_ICF4"/>
                </paperModeList:SupportedRasterConfigs>
            </paperModeList:PaperMode>
            <paperModeList:PaperMode RecommendedResolution="600" WhiteMode="NA" Description="High Quality" DefaultMode="false" IccProfile="true" ColorMode="CMYKLITES" Name="14p_6c_140" InkDensity="140" HorizResolution="600" VertResolution="1200" IccProfileB="false" AllowedResolutions="300,600" Passes="14" Identification="03dad181c06f2b4f4fc04f100f7fcf994dcb05ee">
                <paperModeList:Selectors>
                    <SelectorList:Selector key="ExtendedPm" value="XPM14"/>
                    <SelectorList:Selector key="InkDensity" value="L13"/>
                    <SelectorList:Selector key="InkDensityB" value="L13"/>
                    <SelectorList:Selector key="WhiteMode" value="SPOT"/>
                    <SelectorList:Selector key="ColorMode" value="CMYKLITES"/>
                </paperModeList:Selectors>
                <paperModeList:PropertyList>
                    <PropertyList:Property>
                        <property:Setting name="CuringCoolDownCancelableByNextJob" min="0" numericList="1" units="bool" max="1" step="1"/>
                    </PropertyList:Property>
                </paperModeList:PropertyList>
                <paperModeList:SupportedRasterConfigs>
                    <paperModeList:SupportedRasterConfig Key="PLANAR-CMYK-8-300-RasterStream_BANDS_ICF4"/>
                    <paperModeList:SupportedRasterConfig Key="PLANAR-CMYK-8-600-RasterStream_BANDS_ICF4"/>
                </paperModeList:SupportedRasterConfigs>
            </paperModeList:PaperMode>
        </EngineOperations:PaperModes>
    </EngineOperations:Medium>
    <EngineOperations:Medium factory="false" CategoryId="TEXTILE" shortName="Generic Textile" version="6.0.1" MediaChecksum="RANDEE1EAC3ECE77DA53D9BBF500165B5C3E" longName="Generic Textile" DonorId="350100" Revision="6.0.1" MediumId="350100">
        <EngineOperations:Localization language="en_US">
            <EngineOperations:Name>Generic Textile</EngineOperations:Name>
            <EngineOperations:ShortName>Generic Textile</EngineOperations:ShortName>
        </EngineOperations:Localization>
        <EngineOperations:CategoryLocalization Id="TEXTILE" Name="Textile" ShortName="Textile"/>
        <EngineOperations:Calibration/>
        <EngineOperations:PaperModes>
            <paperModeList:PaperMode RecommendedResolution="600" WhiteMode="NA" Description="Production Fast" DefaultMode="false" IccProfile="true" ColorMode="CMYKLITES" Name="8p_6c_120" InkDensity="120" HorizResolution="600" VertResolution="1200" IccProfileB="false" AllowedResolutions="300,600" Passes="8" Identification="a419ba7792b44ac0602fb20b6ccd550c78000f23">
                <paperModeList:Selectors>
                    <SelectorList:Selector key="ExtendedPm" value="XPM8"/>
                    <SelectorList:Selector key="InkDensity" value="L11"/>
                    <SelectorList:Selector key="InkDensityB" value="L11"/>
                    <SelectorList:Selector key="WhiteMode" value="SPOT"/>
                    <SelectorList:Selector key="ColorMode" value="CMYKLITES"/>
                </paperModeList:Selectors>
                <paperModeList:PropertyList>
                    <PropertyList:Property>
                        <property:Setting name="CuringCoolDownCancelableByNextJob" min="0" numericList="1" units="bool" max="1" step="1"/>
                    </PropertyList:Property>
                </paperModeList:PropertyList>
                <paperModeList:SupportedRasterConfigs>
                    <paperModeList:SupportedRasterConfig Key="PLANAR-CMYK-8-300-RasterStream_BANDS_ICF4"/>
                    <paperModeList:SupportedRasterConfig Key="PLANAR-CMYK-8-600-RasterStream_BANDS_ICF4"/>
                </paperModeList:SupportedRasterConfigs>
            </paperModeList:PaperMode>
            <paperModeList:PaperMode RecommendedResolution="600" WhiteMode="NA" Description="High Quality" DefaultMode="false" IccProfile="true" ColorMode="CMYKLITES" Name="18p_6c_200" InkDensity="210" HorizResolution="600" VertResolution="1200" IccProfileB="false" AllowedResolutions="300,600" Passes="18" Identification="6d6f28eace9dd04015126b6cf0e781af61e84011">
                <paperModeList:Selectors>
                    <SelectorList:Selector key="ExtendedPm" value="XPM18"/>
                    <SelectorList:Selector key="InkDensity" value="L20"/>
                    <SelectorList:Selector key="InkDensityB" value="L20"/>
                    <SelectorList:Selector key="WhiteMode" value="SPOT"/>
                    <SelectorList:Selector key="ColorMode" value="CMYKLITES"/>
                </paperModeList:Selectors>
                <paperModeList:PropertyList>
                    <PropertyList:Property>
                        <property:Setting name="CuringCoolDownCancelableByNextJob" min="0" numericList="1" units="bool" max="1" step="1"/>
                    </PropertyList:Property>
                </paperModeList:PropertyList>
                <paperModeList:SupportedRasterConfigs>
                    <paperModeList:SupportedRasterConfig Key="PLANAR-CMYK-8-300-RasterStream_BANDS_ICF4"/>
                    <paperModeList:SupportedRasterConfig Key="PLANAR-CMYK-8-600-RasterStream_BANDS_ICF4"/>
                </paperModeList:SupportedRasterConfigs>
            </paperModeList:PaperMode>
            <paperModeList:PaperMode RecommendedResolution="600" WhiteMode="NA" Description="Production Quality" DefaultMode="false" IccProfile="true" ColorMode="CMYKLITES" Name="14p_6c_170" InkDensity="180" HorizResolution="600" VertResolution="1200" IccProfileB="false" AllowedResolutions="300,600" Passes="14" Identification="69a315a3291a1b0ddd124dfe9509e45c4fb2775c">
                <paperModeList:Selectors>
                    <SelectorList:Selector key="ExtendedPm" value="XPM14"/>
                    <SelectorList:Selector key="InkDensity" value="L17"/>
                    <SelectorList:Selector key="InkDensityB" value="L17"/>
                    <SelectorList:Selector key="WhiteMode" value="SPOT"/>
                    <SelectorList:Selector key="ColorMode" value="CMYKLITES"/>
                </paperModeList:Selectors>
                <paperModeList:PropertyList>
                    <PropertyList:Property>
                        <property:Setting name="CuringCoolDownCancelableByNextJob" min="0" numericList="1" units="bool" max="1" step="1"/>
                    </PropertyList:Property>
                </paperModeList:PropertyList>
                <paperModeList:SupportedRasterConfigs>
                    <paperModeList:SupportedRasterConfig Key="PLANAR-CMYK-8-300-RasterStream_BANDS_ICF4"/>
                    <paperModeList:SupportedRasterConfig Key="PLANAR-CMYK-8-600-RasterStream_BANDS_ICF4"/>
                </paperModeList:SupportedRasterConfigs>
            </paperModeList:PaperMode>
        </EngineOperations:PaperModes>
    </EngineOperations:Medium>
    <EngineOperations:Medium factory="false" CategoryId="TEXTILE" shortName="Generic Backlit Textile" version="6.0.1" MediaChecksum="RAND405FF139BA895644B7C942B1C8860A4F" longName="Generic Backlit Textile" DonorId="351100" Revision="6.0.1" MediumId="351100">
        <EngineOperations:Localization language="en_US">
            <EngineOperations:Name>Generic Backlit Textile</EngineOperations:Name>
            <EngineOperations:ShortName>Generic Backlit Textile</EngineOperations:ShortName>
        </EngineOperations:Localization>
        <EngineOperations:CategoryLocalization Id="TEXTILE" Name="Textile" ShortName="Textile"/>
        <EngineOperations:Calibration/>
        <EngineOperations:PaperModes>
            <paperModeList:PaperMode RecommendedResolution="600" WhiteMode="NA" Description="Production Quality" DefaultMode="false" IccProfile="true" ColorMode="CMYKLITES" Name="14p_6c_200" InkDensity="190" HorizResolution="600" VertResolution="1200" IccProfileB="false" AllowedResolutions="300,600" Passes="14" Identification="d89f553914e4c79a24fe49c667bb0015f016d512">
                <paperModeList:Selectors>
                    <SelectorList:Selector key="ExtendedPm" value="XPM14"/>
                    <SelectorList:Selector key="InkDensity" value="L18"/>
                    <SelectorList:Selector key="InkDensityB" value="L18"/>
                    <SelectorList:Selector key="WhiteMode" value="SPOT"/>
                    <SelectorList:Selector key="ColorMode" value="CMYKLITES"/>
                </paperModeList:Selectors>
                <paperModeList:PropertyList/>
                <paperModeList:SupportedRasterConfigs>
                    <paperModeList:SupportedRasterConfig Key="PLANAR-CMYK-8-300-RasterStream_BANDS_ICF4"/>
                    <paperModeList:SupportedRasterConfig Key="PLANAR-CMYK-8-600-RasterStream_BANDS_ICF4"/>
                </paperModeList:SupportedRasterConfigs>
            </paperModeList:PaperMode>
            <paperModeList:PaperMode RecommendedResolution="600" WhiteMode="NA" Description="High Quality" DefaultMode="false" IccProfile="true" ColorMode="CMYKLITES" Name="18p_6c_260" InkDensity="270" HorizResolution="600" VertResolution="1200" IccProfileB="false" AllowedResolutions="300,600" Passes="18" Identification="63d2cd4f9dd50d7320ce2736c8cf4283fff32e6f">
                <paperModeList:Selectors>
                    <SelectorList:Selector key="ExtendedPm" value="XPM18"/>
                    <SelectorList:Selector key="InkDensity" value="L26"/>
                    <SelectorList:Selector key="InkDensityB" value="L26"/>
                    <SelectorList:Selector key="WhiteMode" value="SPOT"/>
                    <SelectorList:Selector key="ColorMode" value="CMYKLITES"/>
                </paperModeList:Selectors>
                <paperModeList:PropertyList/>
                <paperModeList:SupportedRasterConfigs>
                    <paperModeList:SupportedRasterConfig Key="PLANAR-CMYK-8-300-RasterStream_BANDS_ICF4"/>
                    <paperModeList:SupportedRasterConfig Key="PLANAR-CMYK-8-600-RasterStream_BANDS_ICF4"/>
                </paperModeList:SupportedRasterConfigs>
            </paperModeList:PaperMode>
        </EngineOperations:PaperModes>
    </EngineOperations:Medium>
    <EngineOperations:Medium factory="false" calibrable="true" CategoryId="PLAIN_PAPER" shortName="Gen Non-Woven Wallpaper" version="6.0.1" MediaChecksum="RANDD5DB389CE71C7B0D0152EBEFE00127B9" longName="Generic Non-Woven Wallpaper" DonorId="200103" Revision="6.0.1" MediumId="200103">
        <EngineOperations:Localization language="en_US">
            <EngineOperations:Name>Generic Non-Woven Wallpaper</EngineOperations:Name>
            <EngineOperations:ShortName>Gen Non-Woven Wallpaper</EngineOperations:ShortName>
        </EngineOperations:Localization>
        <EngineOperations:CategoryLocalization Id="PLAIN_PAPER" Name="Paper" ShortName="Paper"/>
        <EngineOperations:Calibration/>
        <EngineOperations:PaperModes>
            <paperModeList:PaperMode RecommendedResolution="600" WhiteMode="NA" Description="Production Fast" DefaultMode="false" IccProfile="true" ColorMode="CMYKLITES" Name="6p_6c_90" InkDensity="90" HorizResolution="600" VertResolution="1200" IccProfileB="false" AllowedResolutions="300,600" Passes="6" Identification="11dd9ab6bf870505d344c94fd1c2585065a74eba">
                <paperModeList:Selectors>
                    <SelectorList:Selector key="ExtendedPm" value="XPM6"/>
                    <SelectorList:Selector key="InkDensity" value="L8"/>
                    <SelectorList:Selector key="InkDensityB" value="L8"/>
                    <SelectorList:Selector key="WhiteMode" value="SPOT"/>
                    <SelectorList:Selector key="ColorMode" value="CMYKLITES"/>
                </paperModeList:Selectors>
                <paperModeList:PropertyList>
                    <PropertyList:Property>
                        <property:Setting name="CuringTemperature_PRINTING" min="60" numericList="85" units="C" max="116" step="1"/>
                        <property:Setting name="PretreatmentLevelWhite" min="0" numericList="25" units="%" max="100" step="1"/>
                        <property:Setting name="PretreatmentLevel" min="0" numericList="25" units="%" max="100" step="1"/>
                    </PropertyList:Property>
                </paperModeList:PropertyList>
                <paperModeList:SupportedRasterConfigs>
                    <paperModeList:SupportedRasterConfig Key="PLANAR-CMYK-8-300-RasterStream_BANDS_ICF4"/>
                    <paperModeList:SupportedRasterConfig Key="PLANAR-CMYK-8-600-RasterStream_BANDS_ICF4"/>
                </paperModeList:SupportedRasterConfigs>
            </paperModeList:PaperMode>
            <paperModeList:PaperMode RecommendedResolution="600" WhiteMode="NA" Description="High Quality" DefaultMode="false" IccProfile="true" ColorMode="CMYKLITES" Name="12p_6c_100" InkDensity="100" HorizResolution="600" VertResolution="1200" IccProfileB="false" AllowedResolutions="300,600" Passes="12" Identification="517742adaa8d7f91a0d2b83a795b25f331340ef7">
                <paperModeList:Selectors>
                    <SelectorList:Selector key="ExtendedPm" value="XPM12"/>
                    <SelectorList:Selector key="InkDensity" value="L9"/>
                    <SelectorList:Selector key="InkDensityB" value="L9"/>
                    <SelectorList:Selector key="WhiteMode" value="SPOT"/>
                    <SelectorList:Selector key="ColorMode" value="CMYKLITES"/>
                </paperModeList:Selectors>
                <paperModeList:PropertyList>
                    <PropertyList:Property>
                        <property:Setting name="CuringTemperature_PRINTING" min="60" numericList="75" units="C" max="116" step="1"/>
                    </PropertyList:Property>
                </paperModeList:PropertyList>
                <paperModeList:SupportedRasterConfigs>
                    <paperModeList:SupportedRasterConfig Key="PLANAR-CMYK-8-300-RasterStream_BANDS_ICF4"/>
                    <paperModeList:SupportedRasterConfig Key="PLANAR-CMYK-8-600-RasterStream_BANDS_ICF4"/>
                </paperModeList:SupportedRasterConfigs>
            </paperModeList:PaperMode>
            <paperModeList:PaperMode RecommendedResolution="600" WhiteMode="NA" Description="Production Quality" DefaultMode="false" IccProfile="true" ColorMode="CMYKLITES" Name="8p_6c_100" InkDensity="100" HorizResolution="600" VertResolution="1200" IccProfileB="false" AllowedResolutions="300,600" Passes="8" Identification="62add971bc3416815146eb613c1069c18435322e">
                <paperModeList:Selectors>
                    <SelectorList:Selector key="ExtendedPm" value="XPM8"/>
                    <SelectorList:Selector key="InkDensity" value="L9"/>
                    <SelectorList:Selector key="InkDensityB" value="L9"/>
                    <SelectorList:Selector key="WhiteMode" value="SPOT"/>
                    <SelectorList:Selector key="ColorMode" value="CMYKLITES"/>
                </paperModeList:Selectors>
                <paperModeList:PropertyList>
                    <PropertyList:Property>
                        <property:Setting name="CuringTemperature_PRINTING" min="60" numericList="80" units="C" max="116" step="1"/>
                    </PropertyList:Property>
                </paperModeList:PropertyList>
                <paperModeList:SupportedRasterConfigs>
                    <paperModeList:SupportedRasterConfig Key="PLANAR-CMYK-8-300-RasterStream_BANDS_ICF4"/>
                    <paperModeList:SupportedRasterConfig Key="PLANAR-CMYK-8-600-RasterStream_BANDS_ICF4"/>
                </paperModeList:SupportedRasterConfigs>
            </paperModeList:PaperMode>
        </EngineOperations:PaperModes>
    </EngineOperations:Medium>
</EngineOperations:BriefMediumList>
