<?xml version='1.0' encoding='UTF-8'?>
<PrintheadSlots>
    <PrintheadSlot id="0">
        <IsPresent>true</IsPresent>
        <SlotStatusList>
            <Status>Present</Status>
        </SlotStatusList>
        <Colors>
            <Color>magenta</Color>
            <Color>yellow</Color>
        </Colors>
        <AgentTypes>
            <AgentType>marking</AgentType>
            <AgentType>marking</AgentType>
        </AgentTypes>
        <Position units="um">
            <XAxis>0</XAxis>
            <YAxis>0</YAxis>
        </Position>
        <StatusList>
            <Status>Ready</Status>
        </StatusList>
        <Severity>Informative</Severity>
        <PartNumber>P2V25A</PartNumber>
        <SerialNumber>300606171702470</SerialNumber>
        <OrderNumber>746</OrderNumber>
        <Manufacturer>HP</Manufacturer>
        <ManufacturingDate>2017-06-18</ManufacturingDate>
        <InstallDate>2017-10-05</InstallDate>
        <ExpirationDate>2019-06-19</ExpirationDate>
        <WarrantyExpirationDate isInWarranty="true">2019-06-19</WarrantyExpirationDate>
        <Consumption units="pl">0</Consumption>
        <NominalLife units="cc">1200</NominalLife>
        <UsageTime units="s">1328000</UsageTime>
        <NonHpInkUsed>false</NonHpInkUsed>
        <ExpiredInkUsed>false</ExpiredInkUsed>
        <PaperJams>0</PaperJams>
        <HealthGauge>
            <Level>0</Level>
            <Status>In warranty</Status>
        </HealthGauge>
    </PrintheadSlot>
    <PrintheadSlot id="1">
        <IsPresent>true</IsPresent>
        <SlotStatusList>
            <Status>Present</Status>
        </SlotStatusList>
        <Colors>
            <Color>cyan</Color>
            <Color>chromatic-red</Color>
        </Colors>
        <AgentTypes>
            <AgentType>marking</AgentType>
            <AgentType>marking</AgentType>
        </AgentTypes>
        <Position units="um">
            <XAxis>0</XAxis>
            <YAxis>0</YAxis>
        </Position>
        <StatusList>
            <Status>Ready</Status>
        </StatusList>
        <Severity>Informative</Severity>
        <PartNumber>P2V25A</PartNumber>
        <SerialNumber>300606172003410</SerialNumber>
        <OrderNumber>746</OrderNumber>
        <Manufacturer>HP</Manufacturer>
        <ManufacturingDate>2017-06-18</ManufacturingDate>
        <InstallDate>2017-10-05</InstallDate>
        <ExpirationDate>2019-06-19</ExpirationDate>
        <WarrantyExpirationDate isInWarranty="true">2019-06-19</WarrantyExpirationDate>
        <Consumption units="pl">0</Consumption>
        <NominalLife units="cc">1200</NominalLife>
        <UsageTime units="s">1331000</UsageTime>
        <NonHpInkUsed>false</NonHpInkUsed>
        <ExpiredInkUsed>false</ExpiredInkUsed>
        <PaperJams>0</PaperJams>
        <HealthGauge>
            <Level>0</Level>
            <Status>In warranty</Status>
        </HealthGauge>
    </PrintheadSlot>
    <PrintheadSlot id="2">
        <IsPresent>true</IsPresent>
        <SlotStatusList>
            <Status>Present</Status>
        </SlotStatusList>
        <Colors>
            <Color>photo-black</Color>
            <Color>matte-black</Color>
        </Colors>
        <AgentTypes>
            <AgentType>marking</AgentType>
            <AgentType>marking</AgentType>
        </AgentTypes>
        <Position units="um">
            <XAxis>0</XAxis>
            <YAxis>0</YAxis>
        </Position>
        <StatusList>
            <Status>Ready</Status>
        </StatusList>
        <Severity>Informative</Severity>
        <PartNumber>P2V25A</PartNumber>
        <SerialNumber>300606171936253</SerialNumber>
        <OrderNumber>746</OrderNumber>
        <Manufacturer>HP</Manufacturer>
        <ManufacturingDate>2017-06-18</ManufacturingDate>
        <InstallDate>2017-12-01</InstallDate>
        <ExpirationDate>2019-06-19</ExpirationDate>
        <WarrantyExpirationDate isInWarranty="true">2019-06-19</WarrantyExpirationDate>
        <Consumption units="pl">0</Consumption>
        <NominalLife units="cc">1200</NominalLife>
        <UsageTime units="s">1332000</UsageTime>
        <NonHpInkUsed>false</NonHpInkUsed>
        <ExpiredInkUsed>false</ExpiredInkUsed>
        <PaperJams>0</PaperJams>
        <HealthGauge>
            <Level>0</Level>
            <Status>In warranty</Status>
        </HealthGauge>
    </PrintheadSlot>
    <PrintheadSlot id="3">
        <IsPresent>true</IsPresent>
        <SlotStatusList>
            <Status>Present</Status>
        </SlotStatusList>
        <Colors>
            <Color>chromatic-blue</Color>
            <Color>chromatic-green</Color>
        </Colors>
        <AgentTypes>
            <AgentType>marking</AgentType>
            <AgentType>marking</AgentType>
        </AgentTypes>
        <Position units="um">
            <XAxis>0</XAxis>
            <YAxis>0</YAxis>
        </Position>
        <StatusList>
            <Status>Ready</Status>
        </StatusList>
        <Severity>Informative</Severity>
        <PartNumber>P2V25A</PartNumber>
        <SerialNumber>300606171709470</SerialNumber>
        <OrderNumber>746</OrderNumber>
        <Manufacturer>HP</Manufacturer>
        <ManufacturingDate>2017-06-18</ManufacturingDate>
        <InstallDate>2017-10-05</InstallDate>
        <ExpirationDate>2019-06-19</ExpirationDate>
        <WarrantyExpirationDate isInWarranty="true">2019-06-19</WarrantyExpirationDate>
        <Consumption units="pl">0</Consumption>
        <NominalLife units="cc">1200</NominalLife>
        <UsageTime units="s">1335000</UsageTime>
        <NonHpInkUsed>false</NonHpInkUsed>
        <ExpiredInkUsed>false</ExpiredInkUsed>
        <PaperJams>0</PaperJams>
        <HealthGauge>
            <Level>0</Level>
            <Status>In warranty</Status>
        </HealthGauge>
    </PrintheadSlot>
    <PrintheadSlot id="4">
        <IsPresent>true</IsPresent>
        <SlotStatusList>
            <Status>Present</Status>
        </SlotStatusList>
        <Colors>
            <Color>gray</Color>
        </Colors>
        <AgentTypes>
            <AgentType>marking</AgentType>
        </AgentTypes>
        <Position units="um">
            <XAxis>0</XAxis>
            <YAxis>0</YAxis>
        </Position>
        <StatusList>
            <Status>Ready</Status>
        </StatusList>
        <Severity>Informative</Severity>
        <PartNumber>P2V25A</PartNumber>
        <SerialNumber>300606171742541</SerialNumber>
        <OrderNumber>746</OrderNumber>
        <Manufacturer>HP</Manufacturer>
        <ManufacturingDate>2017-06-18</ManufacturingDate>
        <InstallDate>2017-10-05</InstallDate>
        <ExpirationDate>2019-06-19</ExpirationDate>
        <WarrantyExpirationDate isInWarranty="true">2019-06-19</WarrantyExpirationDate>
        <Consumption units="pl">0</Consumption>
        <NominalLife units="cc">1200</NominalLife>
        <UsageTime units="s">1341000</UsageTime>
        <NonHpInkUsed>false</NonHpInkUsed>
        <ExpiredInkUsed>false</ExpiredInkUsed>
        <PaperJams>0</PaperJams>
        <HealthGauge>
            <Level>0</Level>
            <Status>In warranty</Status>
        </HealthGauge>
    </PrintheadSlot>
</PrintheadSlots>
