<?xml version='1.0' encoding='UTF-8'?>
<InkSystem>
    <SlotGroup id="0">
        <Color>magenta</Color>
        <AgentType>marking</AgentType>
        <Overview>
            <CummulativeInk units="pl">1820130816</CummulativeInk>
            <CummulativeHPInk units="pl">1820130816</CummulativeHPInk>
            <Capacity units="pl">69000000000</Capacity>
            <Level units="pl">47000000000</Level>
            <LevelPercentage>69</LevelPercentage>
            <Status>Ok</Status>
        </Overview>
        <InkSlots>
            <InkSlot tubeId="0" groupId="0" id="0">
                <Color>magenta</Color>
                <AgentType>marking</AgentType>
                <Overview>
                    <IsPresent>true</IsPresent>
                    <CummulativeInk units="pl">1820130816</CummulativeInk>
                    <CummulativeHPInk units="pl">1820130816</CummulativeHPInk>
                    <NumberInsertions>49</NumberInsertions>
                    <Capacity units="pl">69000000000</Capacity>
                    <Level units="pl">42000000000</Level>
                    <LevelPercentage>69</LevelPercentage>
                    <Brand>HP</Brand>
                    <InWarranty>true</InWarranty>
                    <SerialNumber>1808017-22-7</SerialNumber>
                    <PartNumber>F9J89A</PartNumber>
                    <OrderNumber>HP INTRODUCTORY</OrderNumber>
                    <ManufacturerDate>2017-06-07</ManufacturerDate>
                    <InstallDate>2017-09-24</InstallDate>
                    <ExpirationDate>2020-06-03</ExpirationDate>
                    <Status>Ready</Status>
                    <Severity>Informative</Severity>
                </Overview>
            </InkSlot>
        </InkSlots>
    </SlotGroup>
    <SlotGroup id="1">
        <Color>yellow</Color>
        <AgentType>marking</AgentType>
        <Overview>
            <CummulativeInk units="pl">1525163520</CummulativeInk>
            <CummulativeHPInk units="pl">1525163520</CummulativeHPInk>
            <Capacity units="pl">69000000000</Capacity>
            <Level units="pl">43000000000</Level>
            <LevelPercentage>63</LevelPercentage>
            <Status>Ok</Status>
        </Overview>
        <InkSlots>
            <InkSlot tubeId="1" groupId="1" id="1">
                <Color>yellow</Color>
                <AgentType>marking</AgentType>
                <Overview>
                    <IsPresent>true</IsPresent>
                    <CummulativeInk units="pl">1525163520</CummulativeInk>
                    <CummulativeHPInk units="pl">1525163520</CummulativeHPInk>
                    <NumberInsertions>49</NumberInsertions>
                    <Capacity units="pl">69000000000</Capacity>
                    <Level units="pl">37000000000</Level>
                    <LevelPercentage>63</LevelPercentage>
                    <Brand>HP</Brand>
                    <InWarranty>true</InWarranty>
                    <SerialNumber>1816664-22-7</SerialNumber>
                    <PartNumber>F9J90A</PartNumber>
                    <OrderNumber>HP INTRODUCTORY</OrderNumber>
                    <ManufacturerDate>2017-06-07</ManufacturerDate>
                    <InstallDate>2017-09-24</InstallDate>
                    <ExpirationDate>2020-06-03</ExpirationDate>
                    <Status>Ready</Status>
                    <Severity>Informative</Severity>
                </Overview>
            </InkSlot>
        </InkSlots>
    </SlotGroup>
    <SlotGroup id="2">
        <Color>cyan</Color>
        <AgentType>marking</AgentType>
        <Overview>
            <CummulativeInk units="pl">-1474836480</CummulativeInk>
            <CummulativeHPInk units="pl">-1474836480</CummulativeHPInk>
            <Capacity units="pl">69000000000</Capacity>
            <Level units="pl">46000000000</Level>
            <LevelPercentage>68</LevelPercentage>
            <Status>Ok</Status>
        </Overview>
        <InkSlots>
            <InkSlot tubeId="2" groupId="2" id="2">
                <Color>cyan</Color>
                <AgentType>marking</AgentType>
                <Overview>
                    <IsPresent>true</IsPresent>
                    <CummulativeInk units="pl">-1474836480</CummulativeInk>
                    <CummulativeHPInk units="pl">-1474836480</CummulativeHPInk>
                    <NumberInsertions>49</NumberInsertions>
                    <Capacity units="pl">69000000000</Capacity>
                    <Level units="pl">39000000000</Level>
                    <LevelPercentage>68</LevelPercentage>
                    <Brand>HP</Brand>
                    <InWarranty>true</InWarranty>
                    <SerialNumber>1839917-22-7</SerialNumber>
                    <PartNumber>P2V74A</PartNumber>
                    <OrderNumber>HP INTRODUCTORY</OrderNumber>
                    <ManufacturerDate>2017-06-07</ManufacturerDate>
                    <InstallDate>2017-09-24</InstallDate>
                    <ExpirationDate>2020-06-03</ExpirationDate>
                    <Status>Ready</Status>
                    <Severity>Informative</Severity>
                </Overview>
            </InkSlot>
        </InkSlots>
    </SlotGroup>
    <SlotGroup id="3">
        <Color>red</Color>
        <AgentType>marking</AgentType>
        <Overview>
            <CummulativeInk units="pl">1525163520</CummulativeInk>
            <CummulativeHPInk units="pl">1525163520</CummulativeHPInk>
            <Capacity units="pl">69000000000</Capacity>
            <Level units="pl">43000000000</Level>
            <LevelPercentage>63</LevelPercentage>
            <Status>Ok</Status>
        </Overview>
        <InkSlots>
            <InkSlot tubeId="3" groupId="3" id="3">
                <Color>red</Color>
                <AgentType>marking</AgentType>
                <Overview>
                    <IsPresent>true</IsPresent>
                    <CummulativeInk units="pl">1525163520</CummulativeInk>
                    <CummulativeHPInk units="pl">1525163520</CummulativeHPInk>
                    <NumberInsertions>49</NumberInsertions>
                    <Capacity units="pl">69000000000</Capacity>
                    <Level units="pl">37000000000</Level>
                    <LevelPercentage>63</LevelPercentage>
                    <Brand>HP</Brand>
                    <InWarranty>true</InWarranty>
                    <SerialNumber>1862202-22-7</SerialNumber>
                    <PartNumber>F9J94A</PartNumber>
                    <OrderNumber>HP INTRODUCTORY</OrderNumber>
                    <ManufacturerDate>2017-06-07</ManufacturerDate>
                    <InstallDate>2017-09-24</InstallDate>
                    <ExpirationDate>2020-06-03</ExpirationDate>
                    <Status>Ready</Status>
                    <Severity>Informative</Severity>
                </Overview>
            </InkSlot>
        </InkSlots>
    </SlotGroup>
    <SlotGroup id="4">
        <Color>photo-black</Color>
        <AgentType>marking</AgentType>
        <Overview>
            <CummulativeInk units="pl">1820130816</CummulativeInk>
            <CummulativeHPInk units="pl">1820130816</CummulativeHPInk>
            <Capacity units="pl">69000000000</Capacity>
            <Level units="pl">47000000000</Level>
            <LevelPercentage>69</LevelPercentage>
            <Status>Ok</Status>
        </Overview>
        <InkSlots>
            <InkSlot tubeId="4" groupId="4" id="4">
                <Color>photo-black</Color>
                <AgentType>marking</AgentType>
                <Overview>
                    <IsPresent>true</IsPresent>
                    <CummulativeInk units="pl">1820130816</CummulativeInk>
                    <CummulativeHPInk units="pl">1820130816</CummulativeHPInk>
                    <NumberInsertions>49</NumberInsertions>
                    <Capacity units="pl">69000000000</Capacity>
                    <Level units="pl">39000000000</Level>
                    <LevelPercentage>69</LevelPercentage>
                    <Brand>HP</Brand>
                    <InWarranty>true</InWarranty>
                    <SerialNumber>2217003-22-7</SerialNumber>
                    <PartNumber>F9J92A</PartNumber>
                    <OrderNumber>HP INTRODUCTORY</OrderNumber>
                    <ManufacturerDate>2017-06-08</ManufacturerDate>
                    <InstallDate>2017-09-24</InstallDate>
                    <ExpirationDate>2020-06-04</ExpirationDate>
                    <Status>Ready</Status>
                    <Severity>Informative</Severity>
                </Overview>
            </InkSlot>
        </InkSlots>
    </SlotGroup>
    <SlotGroup id="5">
        <Color>matte-black</Color>
        <AgentType>marking</AgentType>
        <Overview>
            <CummulativeInk units="pl">-1769803776</CummulativeInk>
            <CummulativeHPInk units="pl">-1769803776</CummulativeHPInk>
            <Capacity units="pl">69000000000</Capacity>
            <Level units="pl">42000000000</Level>
            <LevelPercentage>62</LevelPercentage>
            <Status>Ok</Status>
        </Overview>
        <InkSlots>
            <InkSlot tubeId="5" groupId="5" id="5">
                <Color>matte-black</Color>
                <AgentType>marking</AgentType>
                <Overview>
                    <IsPresent>true</IsPresent>
                    <CummulativeInk units="pl">-1769803776</CummulativeInk>
                    <CummulativeHPInk units="pl">-1769803776</CummulativeHPInk>
                    <NumberInsertions>49</NumberInsertions>
                    <Capacity units="pl">69000000000</Capacity>
                    <Level units="pl">35000000000</Level>
                    <LevelPercentage>62</LevelPercentage>
                    <Brand>HP</Brand>
                    <InWarranty>true</InWarranty>
                    <SerialNumber>2241757-22-7</SerialNumber>
                    <PartNumber>F9J93A</PartNumber>
                    <OrderNumber>HP INTRODUCTORY</OrderNumber>
                    <ManufacturerDate>2017-06-08</ManufacturerDate>
                    <InstallDate>2017-09-24</InstallDate>
                    <ExpirationDate>2020-06-04</ExpirationDate>
                    <Status>Ready</Status>
                    <Severity>Informative</Severity>
                </Overview>
            </InkSlot>
        </InkSlots>
    </SlotGroup>
    <SlotGroup id="6">
        <Color>blue</Color>
        <AgentType>marking</AgentType>
        <Overview>
            <CummulativeInk units="pl">1525163520</CummulativeInk>
            <CummulativeHPInk units="pl">1525163520</CummulativeHPInk>
            <Capacity units="pl">69000000000</Capacity>
            <Level units="pl">42000000000</Level>
            <LevelPercentage>61</LevelPercentage>
            <Status>Ok</Status>
        </Overview>
        <InkSlots>
            <InkSlot tubeId="6" groupId="6" id="6">
                <Color>blue</Color>
                <AgentType>marking</AgentType>
                <Overview>
                    <IsPresent>true</IsPresent>
                    <CummulativeInk units="pl">1525163520</CummulativeInk>
                    <CummulativeHPInk units="pl">1525163520</CummulativeHPInk>
                    <NumberInsertions>49</NumberInsertions>
                    <Capacity units="pl">69000000000</Capacity>
                    <Level units="pl">28000000000</Level>
                    <LevelPercentage>61</LevelPercentage>
                    <Brand>HP</Brand>
                    <InWarranty>true</InWarranty>
                    <SerialNumber>2273349-22-7</SerialNumber>
                    <PartNumber>P2V76A</PartNumber>
                    <OrderNumber>HP INTRODUCTORY</OrderNumber>
                    <ManufacturerDate>2017-06-08</ManufacturerDate>
                    <InstallDate>2017-09-24</InstallDate>
                    <ExpirationDate>2020-06-04</ExpirationDate>
                    <Status>Ready</Status>
                    <Severity>Informative</Severity>
                </Overview>
            </InkSlot>
        </InkSlots>
    </SlotGroup>
    <SlotGroup id="7">
        <Color>green</Color>
        <AgentType>marking</AgentType>
        <Overview>
            <CummulativeInk units="pl">1525163520</CummulativeInk>
            <CummulativeHPInk units="pl">1525163520</CummulativeHPInk>
            <Capacity units="pl">69000000000</Capacity>
            <Level units="pl">41000000000</Level>
            <LevelPercentage>60</LevelPercentage>
            <Status>Ok</Status>
        </Overview>
        <InkSlots>
            <InkSlot tubeId="7" groupId="7" id="7">
                <Color>green</Color>
                <AgentType>marking</AgentType>
                <Overview>
                    <IsPresent>true</IsPresent>
                    <CummulativeInk units="pl">1525163520</CummulativeInk>
                    <CummulativeHPInk units="pl">1525163520</CummulativeHPInk>
                    <NumberInsertions>49</NumberInsertions>
                    <Capacity units="pl">69000000000</Capacity>
                    <Level units="pl">27000000000</Level>
                    <LevelPercentage>60</LevelPercentage>
                    <Brand>HP</Brand>
                    <InWarranty>true</InWarranty>
                    <SerialNumber>2256947-22-7</SerialNumber>
                    <PartNumber>P2V75A</PartNumber>
                    <OrderNumber>HP INTRODUCTORY</OrderNumber>
                    <ManufacturerDate>2017-06-08</ManufacturerDate>
                    <InstallDate>2017-09-24</InstallDate>
                    <ExpirationDate>2020-06-04</ExpirationDate>
                    <Status>Ready</Status>
                    <Severity>Informative</Severity>
                </Overview>
            </InkSlot>
        </InkSlots>
    </SlotGroup>
    <SlotGroup id="8">
        <Color>gray</Color>
        <AgentType>marking</AgentType>
        <Overview>
            <CummulativeInk units="pl">1820130816</CummulativeInk>
            <CummulativeHPInk units="pl">1820130816</CummulativeHPInk>
            <Capacity units="pl">40000000000</Capacity>
            <Level units="pl">26000000000</Level>
            <LevelPercentage>66</LevelPercentage>
            <Status>Ok</Status>
        </Overview>
        <InkSlots>
            <InkSlot tubeId="8" groupId="8" id="8">
                <Color>gray</Color>
                <AgentType>marking</AgentType>
                <Overview>
                    <IsPresent>true</IsPresent>
                    <CummulativeInk units="pl">1820130816</CummulativeInk>
                    <CummulativeHPInk units="pl">1820130816</CummulativeHPInk>
                    <NumberInsertions>49</NumberInsertions>
                    <Capacity units="pl">40000000000</Capacity>
                    <Level units="pl">59000000000</Level>
                    <LevelPercentage>66</LevelPercentage>
                    <Brand>HP</Brand>
                    <InWarranty>true</InWarranty>
                    <SerialNumber>2317541-22-7</SerialNumber>
                    <PartNumber>P2V77A</PartNumber>
                    <OrderNumber>HP INTRODUCTORY</OrderNumber>
                    <ManufacturerDate>2017-06-08</ManufacturerDate>
                    <InstallDate>2017-09-24</InstallDate>
                    <ExpirationDate>2020-06-04</ExpirationDate>
                    <Status>Ready</Status>
                    <Severity>Informative</Severity>
                </Overview>
            </InkSlot>
        </InkSlots>
    </SlotGroup>
</InkSystem>
