<?xml version='1.0' encoding='UTF-8'?>
<Drawers>
    <Drawer id="1">
        <Name>DRAWER1</Name>
        <Position>1</Position>
        <StatusList>
            <Status>Busy</Status>
        </StatusList>
        <InputDevices>
            <InputDevice drawerId="1" id="MANUAL_FEED">
                <Type>Sheet</Type>
                <InstallationType>Builtin</InstallationType>
                <IsRoll>false</IsRoll>
                <IsSwitchable>false</IsSwitchable>
                <PaperWidthLimits knownLimits="true">
                    <Maximum units="um">1117600</Maximum>
                    <Minimum units="um">210000</Minimum>
                </PaperWidthLimits>
                <MinimumMargins knownLimits="true">
                    <Top units="um">2999</Top>
                    <Left units="um">2999</Left>
                    <Bottom units="um">16999</Bottom>
                    <Right units="um">2999</Right>
                </MinimumMargins>
                <DynamicProperties/>
                <StatusList>
                    <Status>Idle</Status>
                    <Status>Almost out of media</Status>
                </StatusList>
                <StatusDetail/>
                <SupportedOutputDevices/>
                <MediaSupply id="">
                    <Length units="um">0</Length>
                    <Width units="um">0</Width>
                </MediaSupply>
            </InputDevice>
        </InputDevices>
    </Drawer>
    <Drawer id="2">
        <Name>DRAWER2</Name>
        <Position>2</Position>
        <StatusList>
            <Status>Busy</Status>
        </StatusList>
        <InputDevices>
            <InputDevice drawerId="2" id="ROLL1">
                <Type>Roll</Type>
                <InstallationType>Builtin</InstallationType>
                <IsRoll>true</IsRoll>
                <IsSwitchable>true</IsSwitchable>
                <PaperWidthLimits knownLimits="true">
                    <Maximum units="um">1117600</Maximum>
                    <Minimum units="um">279400</Minimum>
                </PaperWidthLimits>
                <MinimumMargins knownLimits="true">
                    <Top units="um">2999</Top>
                    <Left units="um">2999</Left>
                    <Bottom units="um">2999</Bottom>
                    <Right units="um">2999</Right>
                </MinimumMargins>
                <DynamicProperties/>
                <StatusList>
                    <Status>No media</Status>
                    <Status>Idle</Status>
                    <Status>Almost out of media</Status>
                    <Status>Length tracking enabled</Status>
                </StatusList>
                <StatusDetail/>
                <SupportedOutputDevices/>
                <MediaSupply id="1000">
                    <Length units="um">0</Length>
                    <Width units="um">914400</Width>
                </MediaSupply>
            </InputDevice>
        </InputDevices>
    </Drawer>
    <Drawer id="3">
        <Name>DRAWER3</Name>
        <Position>3</Position>
        <StatusList>
            <Status>Busy</Status>
        </StatusList>
        <InputDevices>
            <InputDevice drawerId="3" id="ROLL2">
                <Type>Roll</Type>
                <InstallationType>Builtin</InstallationType>
                <IsRoll>true</IsRoll>
                <IsSwitchable>true</IsSwitchable>
                <PaperWidthLimits knownLimits="true">
                    <Maximum units="um">1117600</Maximum>
                    <Minimum units="um">279400</Minimum>
                </PaperWidthLimits>
                <MinimumMargins knownLimits="true">
                    <Top units="um">2999</Top>
                    <Left units="um">2999</Left>
                    <Bottom units="um">2999</Bottom>
                    <Right units="um">2999</Right>
                </MinimumMargins>
                <DynamicProperties/>
                <StatusList>
                    <Status>Idle</Status>
                    <Status>Almost out of media</Status>
                </StatusList>
                <StatusDetail/>
                <SupportedOutputDevices/>
                <MediaSupply id="">
                    <Length units="um">0</Length>
                    <Width units="um">0</Width>
                </MediaSupply>
            </InputDevice>
        </InputDevices>
    </Drawer>
</Drawers>
