<?xml version="1.0" encoding="UTF-8" ?>

<JobStatusList result="OK" >
	<JobStatus result="OK" JobUUID="5353494D-4E49-5547-4955-440000000001" >
		<Status>FINISHED</Status>
		<Message>FINISHED</Message>
	</JobStatus>
	<JobStatus result="OK" JobUUID="036089be-d778-4598-a1b2-772640f3b99f" >
		<Status>FINISHED</Status>
		<Message>FINISHED</Message>
	</JobStatus>
	<JobStatus result="OK" JobUUID="12345678-abcd-abcd-abcd-1234567890ab" >
		<Status>FINISHED</Status>
		<Message>FINISHED</Message>
	</JobStatus>
	<JobStatus result="OK" JobUUID="12345678-abcd-abcd-abcd-1234567890ab" >
		<Status>FINISHED</Status>
		<Message>FINISHED</Message>
	</JobStatus>
	<JobStatus result="OK" JobUUID="5353494D-4E49-5547-4955-440000000005" >
		<Status>FINISHED</Status>
		<Message>FINISHED</Message>
	</JobStatus>
	<JobStatus result="OK" JobUUID="12345678-abcd-abcd-abcd-1234567890ab" >
		<Status>FINISHED</Status>
		<Message>FINISHED</Message>
	</JobStatus>
	<JobStatus result="OK" JobUUID="5353494D-4E49-5547-4955-440000000007" >
		<Status>FINISHED</Status>
		<Message>FINISHED</Message>
	</JobStatus>
	<JobStatus result="OK" JobUUID="12345678-abcd-abcd-abcd-1234567890ab" >
		<Status>FINISHED</Status>
		<Message>FINISHED</Message>
	</JobStatus>
</JobStatusList>

