<?xml version='1.0' encoding='UTF-8'?>
<JOBS_ACCOUNTING_INFO>
    <ACCOUNTING_INFO>
        <JOB_NAME value="9"/>
        <UUID value="8fbd0a99-b382-402c-8aaa-1b3eb6b02059"/>
        <LOCAL_UUID value="7683f2fb-cd08-4369-8c7f-beb3b5711513"/>
        <SEQUENCE value="9"/>
        <TYPE value="print"/>
        <USER_DEFINED value=""/>
        <PROJECT_ID value=""/>
        <APPLICATION_ID value=""/>
        <ACCOUNT_ID value=""/>
        <TIMESTAMP value="20170929194400">2017-09-29T19:44:00Z</TIMESTAMP>
        <ARRIVAL_TIMESTAMP value="20170929194359">2017-09-29T19:43:59Z</ARRIVAL_TIMESTAMP>
        <PRINTING_TIMESTAMP value="20171002155022">2017-10-02T15:50:22Z</PRINTING_TIMESTAMP>
        <JOB_STATUS value="0"/>
        <USER_NAME value=""/>
        <SOURCE value="1"/>
        <INK_COVERAGE_CATEGORY value="D" mono="no"/>
        <PRINT_QUALITY value="2"/>
        <PRINT_TYPE value="0"/>
        <PAGES value="0"/>
        <COPIES value="0"/>
        <PRINTING_TIME value="0" units="secondsx10"/>
        <SCANNED_AREA value="" units="sqi"/>
        <SCANNED_LENGTH value="" units="in"/>
        <MEDIA_INFO>
            <NAME media-name="Plain Paper" class="technical" vendor-name="" id="1000"/>
            <QUANTITY value="391" units="sqi"/>
            <PRINTED value="159.74" units="sqi"/>
            <SIZE units="inchesx3600">
                <WIDTH value="51984"/>
                <LENGTH value="39539"/>
            </SIZE>
            <SOURCE value="1"/>
        </MEDIA_INFO>
        <INK_INFO>
            <INK_USED value="3548" units="microliters"/>
            <CONSUME quantity="263" color="M" ink-type="HP Ink"/>
            <CONSUME quantity="310" color="Y" ink-type="HP Ink"/>
            <CONSUME quantity="491" color="C" ink-type="HP Ink"/>
            <CONSUME quantity="310" color="R" ink-type="HP Ink"/>
            <CONSUME quantity="275" color="pk" ink-type="HP Ink"/>
            <CONSUME quantity="831" color="mk" ink-type="HP Ink"/>
            <CONSUME quantity="456" color="B" ink-type="HP Ink"/>
            <CONSUME quantity="316" color="GN" ink-type="HP Ink"/>
            <CONSUME quantity="296" color="G" ink-type="HP Ink"/>
        </INK_INFO>
        <APPLICATION_INFO>
            <APPLICATION category="monochrome-lines">
                <MEDIA_USED value="0" units="sqi"/>
                <MEDIA_PRINTED value="0" units="sqi"/>
                <INK_USED value="0" units="microliters"/>
                <MEDIA_LENGTH value="0.00" units="m"/>
            </APPLICATION>
            <APPLICATION category="color-lines">
                <MEDIA_USED value="0" units="sqi"/>
                <MEDIA_PRINTED value="0" units="sqi"/>
                <INK_USED value="0" units="microliters"/>
                <MEDIA_LENGTH value="0.00" units="m"/>
            </APPLICATION>
            <APPLICATION category="low-density-image">
                <MEDIA_USED value="0" units="sqi"/>
                <MEDIA_PRINTED value="0" units="sqi"/>
                <INK_USED value="0" units="microliters"/>
                <MEDIA_LENGTH value="0.00" units="m"/>
            </APPLICATION>
            <APPLICATION category="high-density-image">
                <MEDIA_USED value="320" units="sqi"/>
                <MEDIA_PRINTED value="159" units="sqi"/>
                <INK_USED value="3338" units="microliters"/>
                <MEDIA_LENGTH value="0.20" units="m"/>
            </APPLICATION>
            <APPLICATION category="special-media">
                <MEDIA_USED value="0" units="sqi"/>
                <MEDIA_PRINTED value="0" units="sqi"/>
                <INK_USED value="0" units="microliters"/>
                <MEDIA_LENGTH value="0.00" units="m"/>
            </APPLICATION>
            <APPLICATION category="blueprint-media">
                <MEDIA_USED value="0" units="sqi"/>
                <MEDIA_PRINTED value="0" units="sqi"/>
                <INK_USED value="0" units="microliters"/>
                <MEDIA_LENGTH value="0.00" units="m"/>
            </APPLICATION>
            <APPLICATION category="total">
                <MEDIA_USED value="320" units="sqi"/>
                <MEDIA_PRINTED value="159" units="sqi"/>
                <INK_USED value="3338" units="microliters"/>
                <MEDIA_LENGTH value="0.20" units="m"/>
            </APPLICATION>
        </APPLICATION_INFO>
        <NON_WHITE_PIXEL_DENSITY value="98.63"/>
        <COLOR_PIXEL_DENSITY value="73.56"/>
        <BILLABLE value="false"/>
    </ACCOUNTING_INFO>
</JOBS_ACCOUNTING_INFO>
