<Current_Printer_Configuration>
    <Product_Number>X9D24A</Product_Number>
    <Serial_Number>CN7870K00D</Serial_Number>
    <Product_Name>HP DesignJet Z9dr 44in</Product_Name>
    <FW_Version>JGR9_00_17_38.1</FW_Version>
    <FW_Date>2017-09-28T19:15:00Z</FW_Date>
    <Features>
        <Feature key="document-formats">
            <Value id="cals">true</Value>
            <Value id="hpgl2">true</Value>
            <Value id="jpg">true</Value>
            <Value id="pcl3gui">true</Value>
            <Value id="pdf">true</Value>
            <Value id="ps">true</Value>
            <Value id="tiff">true</Value>
        </Feature>
        <Feature key="interpreters">
            <Value id="cals">true</Value>
            <Value id="hpgl2">true</Value>
            <Value id="jpg">true</Value>
            <Value id="pcl3gui">true</Value>
            <Value id="pdf">true</Value>
            <Value id="ps">true</Value>
            <Value id="tiff">true</Value>
        </Feature>
        <Feature key="market-segments">
            <Value id="print-quality-designjet">true</Value>
            <Value id="print-quality-pagewide">false</Value>
        </Feature>
        <Feature key="rendermodes">
            <Value id="color-print">true</Value>
            <Value id="grayscale-print">true</Value>
            <Value id="monochrome-print">false</Value>
            <Value id="trueblack-print">true</Value>
        </Feature>
    </Features>
</Current_Printer_Configuration>