<?xml version='1.0' encoding='UTF-8'?>
<PrinterCapabilities>
    <SupportedJobPackerList>
        <JobPacker type="RasterStream_PWAX" supported="false"/>
        <JobPacker type="RasterStream_BANDS" supported="false"/>
        <JobPacker type="RasterStream_BANDS_DESIGN" supported="true"/>
        <JobPacker type="PCL3_TAOS" supported="false"/>
        <JobPacker type="PCL3_BERT" supported="false"/>
        <JobPacker type="PCL3_HALFTONE" supported="false"/>
    </SupportedJobPackerList>
    <RasterConfigList>
        <Config type="CHUNKY" format="RGBX" bitsPerPlane="32" jobPacker="RasterStream_BANDS_DESIGN" planes="1" hres="300" vres="300" key="CHUNKY-RGBX-32-300-RasterStream_BANDS_DESIGN">
            <Plane order="0" layout="RRRRRRRRGGGGGGGGBBBBBBBBXXXXXXXX"/>
        </Config>
        <Config type="CHUNKY" format="RGBX" bitsPerPlane="32" jobPacker="RasterStream_BANDS_DESIGN" planes="1" hres="600" vres="600" key="CHUNKY-RGBX-32-600-RasterStream_BANDS_DESIGN">
            <Plane order="0" layout="RRRRRRRRGGGGGGGGBBBBBBBBXXXXXXXX"/>
        </Config>
        <Config type="CHUNKY" format="RGBX" bitsPerPlane="32" jobPacker="RasterStream_BANDS_DESIGN" planes="1" hres="1200" vres="1200" key="CHUNKY-RGBX-32-1200-RasterStream_BANDS_DESIGN">
            <Plane order="0" layout="RRRRRRRRGGGGGGGGBBBBBBBBXXXXXXXX"/>
        </Config>
    </RasterConfigList>
    <Capabilities>
        <HasFPPrintPreviewSupport value="true"/>
        <HasMediaMisMatchActionSupport value="false"/>
        <HasJobSourceInfo value="true"/>
        <HasMediaTypeSendCommandSelection value="true"/>
        <HasInkLevel value="true"/>
        <HasMediaManagementInfo value="true"/>
        <HasMediaFlexibilityCapacity value="false"/>
        <HasInkSetSupport value="false"/>
    </Capabilities>
    <JobSettingsCapabilities>
        <AttendedMode   supported="true"    mandatory="false"   default=""  min=""  max=""/>
        <JobCollate     supported="false"   mandatory="false"   default=""  min=""  max=""/>
        <Cutter     supported="true"    mandatory="false"   default=""  min=""  max=""/>
        <PrintingOrder  supported="false"   mandatory="false"   default=""  min=""  max=""/>
        <AccountId  supported="true"    mandatory="true"    default=""  min=""  max=""/>
        <ApplicationName    supported="true"    mandatory="true"    default=""  min=""  max=""/>
        <ApplicationUuid    supported="true"    mandatory="false"   default=""  min=""  max=""/>
        <ApplicationVersion     supported="true"    mandatory="true"    default=""  min=""  max=""/>
        <PartnerId  supported="true"    mandatory="true"    default=""  min=""  max=""/>
        <FMBillable     supported="true"    mandatory="false"   default=""  min=""  max=""/>
        <ProjectId  supported="true"    mandatory="false"   default=""  min=""  max=""/>
        <FMToken    supported="true"    mandatory="false"   default=""  min=""  max=""/>
        <JobName    supported="true"    mandatory="true"    default=""  min=""  max=""/>
        <JobCopies  supported="true"    mandatory="false"   default=""  min=""  max=""/>
        <TimeStamp  supported="true"    mandatory="false"   default=""  min=""  max=""/>
        <UserName   supported="true"    mandatory="false"   default=""  min=""  max=""/>
        <JobUuid    supported="true"    mandatory="true"    default=""  min=""  max=""/>
    </JobSettingsCapabilities>
    <PageSettingsCapabilities>
        <BorderlessMethod   supported="true"    mandatory="false"   default=""  min=""  max=""/>
        <BottomMargin   supported="true"    mandatory="false"   default=""  min=""  max=""/>
        <ColorMode  supported="true"    mandatory="false"   default=""  min=""  max=""/>
        <DryTimeMode    supported="false"   mandatory="false"   default=""  min=""  max=""/>
        <DualSide   supported="false"   mandatory="false"   default=""  min=""  max=""/>
        <Duplex     supported="true"    mandatory="false"   default=""  min=""  max=""/>
        <Economode  supported="true"    mandatory="false"   default=""  min=""  max=""/>
        <EfficiencyMode     supported="true"    mandatory="false"   default=""  min=""  max=""/>
        <ExtendedPM     supported="true"    mandatory="false"   default=""  min=""  max=""/>
        <ExtraPasses    supported="true"    mandatory="false"   default=""  min=""  max=""/>
        <StandardFoldingStyle   supported="true"    mandatory="false"   default=""  min=""  max=""/>
        <FoldingStyle   supported="true"    mandatory="false"   default=""  min=""  max=""/>
        <GlossEnhancer  supported="true"    mandatory="false"   default=""  min=""  max=""/>
        <HighSpeed  supported="true"    mandatory="false"   default=""  min=""  max=""/>
        <InkDensity     supported="true"    mandatory="false"   default=""  min=""  max=""/>
        <InkDensityB    supported="true"    mandatory="false"   default=""  min=""  max=""/>
        <LeftMargin     supported="true"    mandatory="false"   default=""  min=""  max=""/>
        <MarginLayout   supported="true"    mandatory="false"   default=""  min=""  max=""/>
        <MarginType     supported="true"    mandatory="false"   default=""  min=""  max=""/>
        <AutomaticContentAlignment  supported="true"    mandatory="false"   default=""  min=""  max=""/>
        <MaxDetail  supported="true"    mandatory="false"   default=""  min=""  max=""/>
        <MediaCategory  supported="true"    mandatory="false"   default=""  min=""  max=""/>
        <MediaDestination   supported="true"    mandatory="false"   default=""  min=""  max=""/>
        <MediaId    supported="true"    mandatory="false"   default=""  min=""  max=""/>
        <MediaSource    supported="true"    mandatory="false"   default=""  min=""  max=""/>
        <AutomaticRollSwitchPolicy  supported="true"    mandatory="false"   default=""  min=""  max=""/>
        <Length     supported="true"    mandatory="true"    default=""  min=""  max=""/>
        <Width  supported="true"    mandatory="true"    default=""  min=""  max=""/>
        <PreTreatementLevel     supported="true"    mandatory="false"   default=""  min=""  max=""/>
        <PrintArea  supported="true"    mandatory="false"   default=""  min=""  max=""/>
        <PrintQuality   supported="true"    mandatory="false"   default=""  min=""  max=""/>
        <OutputRenderIntent     supported="true"    mandatory="false"   default=""  min=""  max=""/>
        <RenderMode     supported="true"    mandatory="false"   default=""  min=""  max=""/>
        <ColorSpace     supported="true"    mandatory="false"   default=""  min=""  max=""/>
        <RenderingResolution    supported="true"    mandatory="false"   default=""  min=""  max=""/>
        <RetMode    supported="true"    mandatory="false"   default=""  min=""  max=""/>
        <RightMargin    supported="true"    mandatory="false"   default=""  min=""  max=""/>
        <TopMargin  supported="true"    mandatory="false"   default=""  min=""  max=""/>
        <Unidirectional     supported="true"    mandatory="false"   default=""  min=""  max=""/>
        <WhiteMode  supported="false"   mandatory="false"   default=""  min=""  max=""/>
        <WhiteOpacity   supported="false"   mandatory="false"   default=""  min=""  max=""/>
        <YCutter    supported="false"   mandatory="false"   default=""  min=""  max=""/>
    </PageSettingsCapabilities>
    <MediaSources default="Auto">
        <MediaSource id="Auto" supported="true">
            <SmallMargin BottomMargin="50" LeftMargin="50" RightMargin="50" TopMargin="50" />
            <NormalMargin BottomMargin="50" LeftMargin="50" RightMargin="50" TopMargin="50" />
            <ExtendedMargin BottomMargin="50" LeftMargin="50" RightMargin="50" TopMargin="50" />
            <Width min= "762" max  ="11176"/>
            <Length min = "1400" max = "16250"/>
        </MediaSource> 
        <MediaSource id="Manual_Feed" supported="true">
            <SmallMargin BottomMargin="174" LeftMargin="50" RightMargin="50" TopMargin="50" />
            <NormalMargin BottomMargin="174" LeftMargin="50" RightMargin="50" TopMargin="50" />
            <ExtendedMargin BottomMargin="174" LeftMargin="50" RightMargin="50" TopMargin="50" />
            <Width min="762" max="11176"/>
            <Length min="1400" max="16250"/>
        </MediaSource>
        <MediaSource id="Roll" supported="true">
            <SmallMargin BottomMargin="50" LeftMargin="50" RightMargin="50" TopMargin="50" />
            <NormalMargin BottomMargin="50" LeftMargin="50" RightMargin="50" TopMargin="50" />
            <ExtendedMargin BottomMargin="50" LeftMargin="50" RightMargin="50" TopMargin="50" />
            <Width min="762" max="11176"/>
            <Length min="1400" max="16250"/>
        </MediaSource>
        <MediaSource id="Roll1" supported="true">
            <SmallMargin BottomMargin="50" LeftMargin="50" RightMargin="50" TopMargin="50" />
            <NormalMargin BottomMargin="50" LeftMargin="50" RightMargin="50" TopMargin="50" />
            <ExtendedMargin BottomMargin="50" LeftMargin="50" RightMargin="50" TopMargin="50" />
            <Width min= "762" max  ="11176"/>
            <Length min = "1400" max = "16250"/>
        </MediaSource> 
        <MediaSource id="Roll2" supported="false">
            <SmallMargin BottomMargin="50" LeftMargin="50" RightMargin="50" TopMargin="50" />
            <NormalMargin BottomMargin="50" LeftMargin="50" RightMargin="50" TopMargin="50" />
            <ExtendedMargin BottomMargin="50" LeftMargin="50" RightMargin="50" TopMargin="50" />
            <Width min= "762" max="11176"/>
            <Length min = "1400" max="16250"/>
        </MediaSource> 
        <MediaSource id="Roll3" supported="false">
            <SmallMargin BottomMargin="50" LeftMargin="50" RightMargin="50" TopMargin="50" />
            <NormalMargin BottomMargin="50" LeftMargin="50" RightMargin="50" TopMargin="50" />
            <ExtendedMargin BottomMargin="50" LeftMargin="50" RightMargin="50" TopMargin="50" />
            <Width min= "762" max="11176"/>
            <Length min = "1400" max="16250"/>
        </MediaSource> 
        <MediaSource id="Roll4" supported="false">
            <SmallMargin BottomMargin="50" LeftMargin="50" RightMargin="50" TopMargin="50" />
            <NormalMargin BottomMargin="50" LeftMargin="50" RightMargin="50" TopMargin="50" />
            <ExtendedMargin BottomMargin="50" LeftMargin="50" RightMargin="50" TopMargin="50" />
            <Width min= "762" max="11176"/>
            <Length min = "1400" max="16250"/>
        </MediaSource> 
        <MediaSource id="Roll5" supported="false">
            <SmallMargin BottomMargin="50" LeftMargin="50" RightMargin="50" TopMargin="50" />
            <NormalMargin BottomMargin="50" LeftMargin="50" RightMargin="50" TopMargin="50" />
            <ExtendedMargin BottomMargin="50" LeftMargin="50" RightMargin="50" TopMargin="50" />
            <Width min= "762" max="11176"/>
            <Length min = "1400" max="16250"/>
        </MediaSource> 
        <MediaSource id="Roll6" supported="false">
            <SmallMargin BottomMargin="50" LeftMargin="50" RightMargin="50" TopMargin="50" />
            <NormalMargin BottomMargin="50" LeftMargin="50" RightMargin="50" TopMargin="50" />
            <ExtendedMargin BottomMargin="50" LeftMargin="50" RightMargin="50" TopMargin="50" />
            <Width min= "762" max="11176"/>
            <Length min="1400" max="16250"/>
        </MediaSource> 
    </MediaSources>
    <Overspray BottomMargin="30" LeftMargin="30" RightMargin="30" TopMargin="30"/>
</PrinterCapabilities>
