<?xml version="1.0" encoding="UTF-8"?>
<OutputDevices>
    <OutputDevice id="BIN">
        <Type>Bin</Type>
        <Manufacturer/>
        <Model/>
        <Vendor/>
        <PartNumber/>
        <SerialNumber/>
        <Firmware/>
        <InstallationType>Builtin</InstallationType>
        <SupportedLocales/>
        <DynamicProperties/>
        <StatusList>
            <Status>Ready</Status>
            <Status>Installed</Status>
            <Status>Attached</Status>
            <Status>Out of tabs</Status>
        </StatusList>
        <StatusDetail/>
        <Outbins>
            <Outbin id="1">
                <StaticProperties/>
                <DynamicProperties/>
                <StatusList>
                    <Status>Not initialized</Status>
                </StatusList>
                <StatusDetail/>
                <PaperWidthLimits knownLimits="true">
                    <Maximum units="um">1117600</Maximum>
                    <Minimum units="um">210000</Minimum>
                </PaperWidthLimits>
                <PaperLengthLimits knownLimits="true">
                    <Maximum units="um">210000</Maximum>
                    <Minimum units="um">1117600</Minimum>
                </PaperLengthLimits>
                <CollectsFacingUp>false</CollectsFacingUp>
                <SupportsManualMode>false</SupportsManualMode>
                <CapacityInSheets>0</CapacityInSheets>
                <SupportedMediums/>
            </Outbin>
        </Outbins>
    </OutputDevice>
    <OutputDevice id="TAKE_UP_REEL">
        <Type>Take up reel</Type>
        <Manufacturer/>
        <Model/>
        <Vendor/>
        <PartNumber/>
        <SerialNumber/>
        <Firmware/>
        <InstallationType>User installable</InstallationType>
        <SupportedLocales/>
        <DynamicProperties/>
        <StatusList>
            <Status>Not active</Status>
            <Status>Out of tabs</Status>
        </StatusList>
        <StatusDetail/>
        <Outbins/>
    </OutputDevice>
</OutputDevices>
