<?xml version='1.0' encoding='UTF-8'?>
<InkSlot tubeId="0" groupId="0" id="0">
    <Color>magenta</Color>
    <AgentType>marking</AgentType>
    <Overview>
        <IsPresent>true</IsPresent>
        <CummulativeInk units="pl">1820130816</CummulativeInk>
        <CummulativeHPInk units="pl">1820130816</CummulativeHPInk>
        <NumberInsertions>49</NumberInsertions>
        <Capacity units="pl">69000000000</Capacity>
        <Level units="pl">42000000000</Level>
        <LevelPercentage>69</LevelPercentage>
        <Brand>HP</Brand>
        <InWarranty>true</InWarranty>
        <SerialNumber>1808017-22-7</SerialNumber>
        <PartNumber>F9J89A</PartNumber>
        <OrderNumber>HP INTRODUCTORY</OrderNumber>
        <ManufacturerDate>2017-06-07</ManufacturerDate>
        <InstallDate>2017-09-24</InstallDate>
        <ExpirationDate>2020-06-03</ExpirationDate>
        <Status>Ready</Status>
        <Severity>Informative</Severity>
    </Overview>
</InkSlot>