<?xml version="1.0" encoding="UTF-8"?>
<AlertCollection count="120">
	<Alert>
		<Name>RESEAT</Name>
		<Area>/IDS/CARTRIDGES/CARTRIDGE_magenta_5/</Area>
		<FullName>/IDS/CARTRIDGES/CARTRIDGE_magenta_5/RESEAT</FullName>
		<CardinalName>/IDS/CARTRIDGES/CARTRIDGE_%s_%d/RESEAT</CardinalName>
		<Raised>true</Raised>
		<Severity>Error</Severity>
	</Alert>
	<Alert>
		<Name>RESEAT</Name>
		<Area>/IDS/CARTRIDGES/CARTRIDGE_cyan_6/</Area>
		<FullName>/IDS/CARTRIDGES/CARTRIDGE_cyan_6/RESEAT</FullName>
		<CardinalName>/IDS/CARTRIDGES/CARTRIDGE_%s_%d/RESEAT</CardinalName>
		<Raised>false</Raised>
		<Severity>Error</Severity>
	</Alert>
	<Alert>
		<Name>RESEAT</Name>
		<Area>/IDS/CARTRIDGES/CARTRIDGE_matte-black_3/</Area>
		<FullName>/IDS/CARTRIDGES/CARTRIDGE_matte-black_3/RESEAT</FullName>
		<CardinalName>/IDS/CARTRIDGES/CARTRIDGE_%s_%d/RESEAT</CardinalName>
		<Raised>false</Raised>
		<Severity>Error</Severity>
	</Alert>
	<Alert>
		<Name>RESEAT</Name>
		<Area>/IDS/CARTRIDGES/CARTRIDGE_yellow_4/</Area>
		<FullName>/IDS/CARTRIDGES/CARTRIDGE_yellow_4/RESEAT</FullName>
		<CardinalName>/IDS/CARTRIDGES/CARTRIDGE_%s_%d/RESEAT</CardinalName>
		<Raised>false</Raised>
		<Severity>Error</Severity>
	</Alert>
	<Alert>
		<Name>RESEAT</Name>
		<Area>/IDS/CARTRIDGES/CARTRIDGE_photo-black_2/</Area>
		<FullName>/IDS/CARTRIDGES/CARTRIDGE_photo-black_2/RESEAT</FullName>
		<CardinalName>/IDS/CARTRIDGES/CARTRIDGE_%s_%d/RESEAT</CardinalName>
		<Raised>false</Raised>
		<Severity>Error</Severity>
	</Alert>
	<Alert>
		<Name>RESEAT</Name>
		<Area>/IDS/CARTRIDGES/CARTRIDGE_gray_1/</Area>
		<FullName>/IDS/CARTRIDGES/CARTRIDGE_gray_1/RESEAT</FullName>
		<CardinalName>/IDS/CARTRIDGES/CARTRIDGE_%s_%d/RESEAT</CardinalName>
		<Raised>false</Raised>
		<Severity>Error</Severity>
	</Alert>
	<Alert>
		<Name>NOT_PRESENT</Name>
		<Area>/IDS/CARTRIDGES/CARTRIDGE_cyan_6/</Area>
		<FullName>/IDS/CARTRIDGES/CARTRIDGE_cyan_6/NOT_PRESENT</FullName>
		<CardinalName>/IDS/CARTRIDGES/CARTRIDGE_%s_%d/NOT_PRESENT</CardinalName>
		<Raised>false</Raised>
		<Severity>Error</Severity>
	</Alert>
	<Alert>
		<Name>NOT_PRESENT</Name>
		<Area>/IDS/CARTRIDGES/CARTRIDGE_magenta_5/</Area>
		<FullName>/IDS/CARTRIDGES/CARTRIDGE_magenta_5/NOT_PRESENT</FullName>
		<CardinalName>/IDS/CARTRIDGES/CARTRIDGE_%s_%d/NOT_PRESENT</CardinalName>
		<Raised>false</Raised>
		<Severity>Error</Severity>
	</Alert>
	<Alert>
		<Name>NOT_PRESENT</Name>
		<Area>/IDS/CARTRIDGES/CARTRIDGE_matte-black_3/</Area>
		<FullName>/IDS/CARTRIDGES/CARTRIDGE_matte-black_3/NOT_PRESENT</FullName>
		<CardinalName>/IDS/CARTRIDGES/CARTRIDGE_%s_%d/NOT_PRESENT</CardinalName>
		<Raised>false</Raised>
		<Severity>Error</Severity>
	</Alert>
	<Alert>
		<Name>NOT_PRESENT</Name>
		<Area>/IDS/CARTRIDGES/CARTRIDGE_photo-black_2/</Area>
		<FullName>/IDS/CARTRIDGES/CARTRIDGE_photo-black_2/NOT_PRESENT</FullName>
		<CardinalName>/IDS/CARTRIDGES/CARTRIDGE_%s_%d/NOT_PRESENT</CardinalName>
		<Raised>false</Raised>
		<Severity>Error</Severity>
	</Alert>
	<Alert>
		<Name>NOT_PRESENT</Name>
		<Area>/IDS/CARTRIDGES/CARTRIDGE_yellow_4/</Area>
		<FullName>/IDS/CARTRIDGES/CARTRIDGE_yellow_4/NOT_PRESENT</FullName>
		<CardinalName>/IDS/CARTRIDGES/CARTRIDGE_%s_%d/NOT_PRESENT</CardinalName>
		<Raised>false</Raised>
		<Severity>Error</Severity>
	</Alert>
	<Alert>
		<Name>NOT_PRESENT</Name>
		<Area>/IDS/CARTRIDGES/CARTRIDGE_gray_1/</Area>
		<FullName>/IDS/CARTRIDGES/CARTRIDGE_gray_1/NOT_PRESENT</FullName>
		<CardinalName>/IDS/CARTRIDGES/CARTRIDGE_%s_%d/NOT_PRESENT</CardinalName>
		<Raised>false</Raised>
		<Severity>Error</Severity>
	</Alert>
	<Alert>
		<Name>EMPTY</Name>
		<Area>/IDS/CARTRIDGES/CARTRIDGE_cyan_6/</Area>
		<FullName>/IDS/CARTRIDGES/CARTRIDGE_cyan_6/EMPTY</FullName>
		<CardinalName>/IDS/CARTRIDGES/CARTRIDGE_%s_%d/EMPTY</CardinalName>
		<Raised>false</Raised>
		<Severity>Error</Severity>
	</Alert>
	<Alert>
		<Name>ERROR</Name>
		<Area>/IDS/CARTRIDGES/CARTRIDGE_cyan_6/</Area>
		<FullName>/IDS/CARTRIDGES/CARTRIDGE_cyan_6/ERROR</FullName>
		<CardinalName>/IDS/CARTRIDGES/CARTRIDGE_%s_%d/ERROR</CardinalName>
		<Raised>false</Raised>
		<Severity>Error</Severity>
	</Alert>
	<Alert>
		<Name>SAFE_STOP</Name>
		<Area>/IDS/CARTRIDGES/CARTRIDGE_cyan_6/</Area>
		<FullName>/IDS/CARTRIDGES/CARTRIDGE_cyan_6/SAFE_STOP</FullName>
		<CardinalName>/IDS/CARTRIDGES/CARTRIDGE_%s_%d/SAFE_STOP</CardinalName>
		<Raised>false</Raised>
		<Severity>Error</Severity>
	</Alert>
	<Alert>
		<Name>WRONG_MODEL</Name>
		<Area>/IDS/CARTRIDGES/CARTRIDGE_cyan_6/</Area>
		<FullName>/IDS/CARTRIDGES/CARTRIDGE_cyan_6/WRONG_MODEL</FullName>
		<CardinalName>/IDS/CARTRIDGES/CARTRIDGE_%s_%d/WRONG_MODEL</CardinalName>
		<Raised>false</Raised>
		<Severity>Error</Severity>
	</Alert>
	<Alert>
		<Name>WRONG_REGION</Name>
		<Area>/IDS/CARTRIDGES/CARTRIDGE_cyan_6/</Area>
		<FullName>/IDS/CARTRIDGES/CARTRIDGE_cyan_6/WRONG_REGION</FullName>
		<CardinalName>/IDS/CARTRIDGES/CARTRIDGE_%s_%d/WRONG_REGION</CardinalName>
		<Raised>false</Raised>
		<Severity>Error</Severity>
	</Alert>
	<Alert>
		<Name>EMPTY</Name>
		<Area>/IDS/CARTRIDGES/CARTRIDGE_gray_1/</Area>
		<FullName>/IDS/CARTRIDGES/CARTRIDGE_gray_1/EMPTY</FullName>
		<CardinalName>/IDS/CARTRIDGES/CARTRIDGE_%s_%d/EMPTY</CardinalName>
		<Raised>false</Raised>
		<Severity>Error</Severity>
	</Alert>
	<Alert>
		<Name>ERROR</Name>
		<Area>/IDS/CARTRIDGES/CARTRIDGE_gray_1/</Area>
		<FullName>/IDS/CARTRIDGES/CARTRIDGE_gray_1/ERROR</FullName>
		<CardinalName>/IDS/CARTRIDGES/CARTRIDGE_%s_%d/ERROR</CardinalName>
		<Raised>false</Raised>
		<Severity>Error</Severity>
	</Alert>
	<Alert>
		<Name>SAFE_STOP</Name>
		<Area>/IDS/CARTRIDGES/CARTRIDGE_gray_1/</Area>
		<FullName>/IDS/CARTRIDGES/CARTRIDGE_gray_1/SAFE_STOP</FullName>
		<CardinalName>/IDS/CARTRIDGES/CARTRIDGE_%s_%d/SAFE_STOP</CardinalName>
		<Raised>false</Raised>
		<Severity>Error</Severity>
	</Alert>
	<Alert>
		<Name>WRONG_MODEL</Name>
		<Area>/IDS/CARTRIDGES/CARTRIDGE_gray_1/</Area>
		<FullName>/IDS/CARTRIDGES/CARTRIDGE_gray_1/WRONG_MODEL</FullName>
		<CardinalName>/IDS/CARTRIDGES/CARTRIDGE_%s_%d/WRONG_MODEL</CardinalName>
		<Raised>false</Raised>
		<Severity>Error</Severity>
	</Alert>
	<Alert>
		<Name>WRONG_REGION</Name>
		<Area>/IDS/CARTRIDGES/CARTRIDGE_gray_1/</Area>
		<FullName>/IDS/CARTRIDGES/CARTRIDGE_gray_1/WRONG_REGION</FullName>
		<CardinalName>/IDS/CARTRIDGES/CARTRIDGE_%s_%d/WRONG_REGION</CardinalName>
		<Raised>false</Raised>
		<Severity>Error</Severity>
	</Alert>
	<Alert>
		<Name>EMPTY</Name>
		<Area>/IDS/CARTRIDGES/CARTRIDGE_magenta_5/</Area>
		<FullName>/IDS/CARTRIDGES/CARTRIDGE_magenta_5/EMPTY</FullName>
		<CardinalName>/IDS/CARTRIDGES/CARTRIDGE_%s_%d/EMPTY</CardinalName>
		<Raised>false</Raised>
		<Severity>Error</Severity>
	</Alert>
	<Alert>
		<Name>ERROR</Name>
		<Area>/IDS/CARTRIDGES/CARTRIDGE_magenta_5/</Area>
		<FullName>/IDS/CARTRIDGES/CARTRIDGE_magenta_5/ERROR</FullName>
		<CardinalName>/IDS/CARTRIDGES/CARTRIDGE_%s_%d/ERROR</CardinalName>
		<Raised>false</Raised>
		<Severity>Error</Severity>
	</Alert>
	<Alert>
		<Name>SAFE_STOP</Name>
		<Area>/IDS/CARTRIDGES/CARTRIDGE_magenta_5/</Area>
		<FullName>/IDS/CARTRIDGES/CARTRIDGE_magenta_5/SAFE_STOP</FullName>
		<CardinalName>/IDS/CARTRIDGES/CARTRIDGE_%s_%d/SAFE_STOP</CardinalName>
		<Raised>false</Raised>
		<Severity>Error</Severity>
	</Alert>
	<Alert>
		<Name>WRONG_MODEL</Name>
		<Area>/IDS/CARTRIDGES/CARTRIDGE_magenta_5/</Area>
		<FullName>/IDS/CARTRIDGES/CARTRIDGE_magenta_5/WRONG_MODEL</FullName>
		<CardinalName>/IDS/CARTRIDGES/CARTRIDGE_%s_%d/WRONG_MODEL</CardinalName>
		<Raised>false</Raised>
		<Severity>Error</Severity>
	</Alert>
	<Alert>
		<Name>WRONG_REGION</Name>
		<Area>/IDS/CARTRIDGES/CARTRIDGE_magenta_5/</Area>
		<FullName>/IDS/CARTRIDGES/CARTRIDGE_magenta_5/WRONG_REGION</FullName>
		<CardinalName>/IDS/CARTRIDGES/CARTRIDGE_%s_%d/WRONG_REGION</CardinalName>
		<Raised>false</Raised>
		<Severity>Error</Severity>
	</Alert>
	<Alert>
		<Name>EMPTY</Name>
		<Area>/IDS/CARTRIDGES/CARTRIDGE_matte-black_3/</Area>
		<FullName>/IDS/CARTRIDGES/CARTRIDGE_matte-black_3/EMPTY</FullName>
		<CardinalName>/IDS/CARTRIDGES/CARTRIDGE_%s_%d/EMPTY</CardinalName>
		<Raised>false</Raised>
		<Severity>Error</Severity>
	</Alert>
	<Alert>
		<Name>ERROR</Name>
		<Area>/IDS/CARTRIDGES/CARTRIDGE_matte-black_3/</Area>
		<FullName>/IDS/CARTRIDGES/CARTRIDGE_matte-black_3/ERROR</FullName>
		<CardinalName>/IDS/CARTRIDGES/CARTRIDGE_%s_%d/ERROR</CardinalName>
		<Raised>false</Raised>
		<Severity>Error</Severity>
	</Alert>
	<Alert>
		<Name>SAFE_STOP</Name>
		<Area>/IDS/CARTRIDGES/CARTRIDGE_matte-black_3/</Area>
		<FullName>/IDS/CARTRIDGES/CARTRIDGE_matte-black_3/SAFE_STOP</FullName>
		<CardinalName>/IDS/CARTRIDGES/CARTRIDGE_%s_%d/SAFE_STOP</CardinalName>
		<Raised>false</Raised>
		<Severity>Error</Severity>
	</Alert>
	<Alert>
		<Name>WRONG_MODEL</Name>
		<Area>/IDS/CARTRIDGES/CARTRIDGE_matte-black_3/</Area>
		<FullName>/IDS/CARTRIDGES/CARTRIDGE_matte-black_3/WRONG_MODEL</FullName>
		<CardinalName>/IDS/CARTRIDGES/CARTRIDGE_%s_%d/WRONG_MODEL</CardinalName>
		<Raised>false</Raised>
		<Severity>Error</Severity>
	</Alert>
	<Alert>
		<Name>WRONG_REGION</Name>
		<Area>/IDS/CARTRIDGES/CARTRIDGE_matte-black_3/</Area>
		<FullName>/IDS/CARTRIDGES/CARTRIDGE_matte-black_3/WRONG_REGION</FullName>
		<CardinalName>/IDS/CARTRIDGES/CARTRIDGE_%s_%d/WRONG_REGION</CardinalName>
		<Raised>false</Raised>
		<Severity>Error</Severity>
	</Alert>
	<Alert>
		<Name>EMPTY</Name>
		<Area>/IDS/CARTRIDGES/CARTRIDGE_photo-black_2/</Area>
		<FullName>/IDS/CARTRIDGES/CARTRIDGE_photo-black_2/EMPTY</FullName>
		<CardinalName>/IDS/CARTRIDGES/CARTRIDGE_%s_%d/EMPTY</CardinalName>
		<Raised>false</Raised>
		<Severity>Error</Severity>
	</Alert>
	<Alert>
		<Name>ERROR</Name>
		<Area>/IDS/CARTRIDGES/CARTRIDGE_photo-black_2/</Area>
		<FullName>/IDS/CARTRIDGES/CARTRIDGE_photo-black_2/ERROR</FullName>
		<CardinalName>/IDS/CARTRIDGES/CARTRIDGE_%s_%d/ERROR</CardinalName>
		<Raised>false</Raised>
		<Severity>Error</Severity>
	</Alert>
	<Alert>
		<Name>SAFE_STOP</Name>
		<Area>/IDS/CARTRIDGES/CARTRIDGE_photo-black_2/</Area>
		<FullName>/IDS/CARTRIDGES/CARTRIDGE_photo-black_2/SAFE_STOP</FullName>
		<CardinalName>/IDS/CARTRIDGES/CARTRIDGE_%s_%d/SAFE_STOP</CardinalName>
		<Raised>false</Raised>
		<Severity>Error</Severity>
	</Alert>
	<Alert>
		<Name>WRONG_MODEL</Name>
		<Area>/IDS/CARTRIDGES/CARTRIDGE_photo-black_2/</Area>
		<FullName>/IDS/CARTRIDGES/CARTRIDGE_photo-black_2/WRONG_MODEL</FullName>
		<CardinalName>/IDS/CARTRIDGES/CARTRIDGE_%s_%d/WRONG_MODEL</CardinalName>
		<Raised>false</Raised>
		<Severity>Error</Severity>
	</Alert>
	<Alert>
		<Name>WRONG_REGION</Name>
		<Area>/IDS/CARTRIDGES/CARTRIDGE_photo-black_2/</Area>
		<FullName>/IDS/CARTRIDGES/CARTRIDGE_photo-black_2/WRONG_REGION</FullName>
		<CardinalName>/IDS/CARTRIDGES/CARTRIDGE_%s_%d/WRONG_REGION</CardinalName>
		<Raised>false</Raised>
		<Severity>Error</Severity>
	</Alert>
	<Alert>
		<Name>EMPTY</Name>
		<Area>/IDS/CARTRIDGES/CARTRIDGE_yellow_4/</Area>
		<FullName>/IDS/CARTRIDGES/CARTRIDGE_yellow_4/EMPTY</FullName>
		<CardinalName>/IDS/CARTRIDGES/CARTRIDGE_%s_%d/EMPTY</CardinalName>
		<Raised>false</Raised>
		<Severity>Error</Severity>
	</Alert>
	<Alert>
		<Name>ERROR</Name>
		<Area>/IDS/CARTRIDGES/CARTRIDGE_yellow_4/</Area>
		<FullName>/IDS/CARTRIDGES/CARTRIDGE_yellow_4/ERROR</FullName>
		<CardinalName>/IDS/CARTRIDGES/CARTRIDGE_%s_%d/ERROR</CardinalName>
		<Raised>false</Raised>
		<Severity>Error</Severity>
	</Alert>
	<Alert>
		<Name>SAFE_STOP</Name>
		<Area>/IDS/CARTRIDGES/CARTRIDGE_yellow_4/</Area>
		<FullName>/IDS/CARTRIDGES/CARTRIDGE_yellow_4/SAFE_STOP</FullName>
		<CardinalName>/IDS/CARTRIDGES/CARTRIDGE_%s_%d/SAFE_STOP</CardinalName>
		<Raised>false</Raised>
		<Severity>Error</Severity>
	</Alert>
	<Alert>
		<Name>WRONG_MODEL</Name>
		<Area>/IDS/CARTRIDGES/CARTRIDGE_yellow_4/</Area>
		<FullName>/IDS/CARTRIDGES/CARTRIDGE_yellow_4/WRONG_MODEL</FullName>
		<CardinalName>/IDS/CARTRIDGES/CARTRIDGE_%s_%d/WRONG_MODEL</CardinalName>
		<Raised>false</Raised>
		<Severity>Error</Severity>
	</Alert>
	<Alert>
		<Name>WRONG_REGION</Name>
		<Area>/IDS/CARTRIDGES/CARTRIDGE_yellow_4/</Area>
		<FullName>/IDS/CARTRIDGES/CARTRIDGE_yellow_4/WRONG_REGION</FullName>
		<CardinalName>/IDS/CARTRIDGES/CARTRIDGE_%s_%d/WRONG_REGION</CardinalName>
		<Raised>false</Raised>
		<Severity>Error</Severity>
	</Alert>
	<Alert>
		<Name>NOT_PRESENT</Name>
		<Area>/IDS/PRINTHEADS/PRINTHEAD_0/</Area>
		<FullName>/IDS/PRINTHEADS/PRINTHEAD_0/NOT_PRESENT</FullName>
		<CardinalName>/IDS/PRINTHEADS/PRINTHEAD_%d/NOT_PRESENT</CardinalName>
		<Raised>false</Raised>
		<Severity>Error</Severity>
	</Alert>
	<Alert>
		<Name>REPLACE</Name>
		<Area>/IDS/PRINTHEADS/PRINTHEAD_0/</Area>
		<FullName>/IDS/PRINTHEADS/PRINTHEAD_0/REPLACE</FullName>
		<CardinalName>/IDS/PRINTHEADS/PRINTHEAD_%d/REPLACE</CardinalName>
		<Raised>false</Raised>
		<Severity>Error</Severity>
	</Alert>
	<Alert>
		<Name>REPLACEMENT_INCOMPLETE</Name>
		<Area>/IDS/PRINTHEADS/PRINTHEAD_0/</Area>
		<FullName>/IDS/PRINTHEADS/PRINTHEAD_0/REPLACEMENT_INCOMPLETE</FullName>
		<CardinalName>/IDS/PRINTHEADS/PRINTHEAD_%d/REPLACEMENT_INCOMPLETE</CardinalName>
		<Raised>false</Raised>
		<Severity>Error</Severity>
	</Alert>
	<Alert>
		<Name>RESEAT</Name>
		<Area>/IDS/PRINTHEADS/PRINTHEAD_0/</Area>
		<FullName>/IDS/PRINTHEADS/PRINTHEAD_0/RESEAT</FullName>
		<CardinalName>/IDS/PRINTHEADS/PRINTHEAD_%d/RESEAT</CardinalName>
		<Raised>false</Raised>
		<Severity>Error</Severity>
	</Alert>
	<Alert>
		<Name>TEST_SEPARATELY</Name>
		<Area>/IDS/PRINTHEADS/PRINTHEAD_0/</Area>
		<FullName>/IDS/PRINTHEADS/PRINTHEAD_0/TEST_SEPARATELY</FullName>
		<CardinalName>/IDS/PRINTHEADS/PRINTHEAD_%d/TEST_SEPARATELY</CardinalName>
		<Raised>false</Raised>
		<Severity>Error</Severity>
	</Alert>
	<Alert>
		<Name>WRONG</Name>
		<Area>/IDS/PRINTHEADS/PRINTHEAD_0/</Area>
		<FullName>/IDS/PRINTHEADS/PRINTHEAD_0/WRONG</FullName>
		<CardinalName>/IDS/PRINTHEADS/PRINTHEAD_%d/WRONG</CardinalName>
		<Raised>false</Raised>
		<Severity>Error</Severity>
	</Alert>
	<Alert>
		<Name>NOT_PRESENT</Name>
		<Area>/IDS/PRINTHEADS/PRINTHEAD_1/</Area>
		<FullName>/IDS/PRINTHEADS/PRINTHEAD_1/NOT_PRESENT</FullName>
		<CardinalName>/IDS/PRINTHEADS/PRINTHEAD_%d/NOT_PRESENT</CardinalName>
		<Raised>false</Raised>
		<Severity>Error</Severity>
	</Alert>
	<Alert>
		<Name>REPLACE</Name>
		<Area>/IDS/PRINTHEADS/PRINTHEAD_1/</Area>
		<FullName>/IDS/PRINTHEADS/PRINTHEAD_1/REPLACE</FullName>
		<CardinalName>/IDS/PRINTHEADS/PRINTHEAD_%d/REPLACE</CardinalName>
		<Raised>false</Raised>
		<Severity>Error</Severity>
	</Alert>
	<Alert>
		<Name>REPLACEMENT_INCOMPLETE</Name>
		<Area>/IDS/PRINTHEADS/PRINTHEAD_1/</Area>
		<FullName>/IDS/PRINTHEADS/PRINTHEAD_1/REPLACEMENT_INCOMPLETE</FullName>
		<CardinalName>/IDS/PRINTHEADS/PRINTHEAD_%d/REPLACEMENT_INCOMPLETE</CardinalName>
		<Raised>false</Raised>
		<Severity>Error</Severity>
	</Alert>
	<Alert>
		<Name>RESEAT</Name>
		<Area>/IDS/PRINTHEADS/PRINTHEAD_1/</Area>
		<FullName>/IDS/PRINTHEADS/PRINTHEAD_1/RESEAT</FullName>
		<CardinalName>/IDS/PRINTHEADS/PRINTHEAD_%d/RESEAT</CardinalName>
		<Raised>false</Raised>
		<Severity>Error</Severity>
	</Alert>
	<Alert>
		<Name>TEST_SEPARATELY</Name>
		<Area>/IDS/PRINTHEADS/PRINTHEAD_1/</Area>
		<FullName>/IDS/PRINTHEADS/PRINTHEAD_1/TEST_SEPARATELY</FullName>
		<CardinalName>/IDS/PRINTHEADS/PRINTHEAD_%d/TEST_SEPARATELY</CardinalName>
		<Raised>false</Raised>
		<Severity>Error</Severity>
	</Alert>
	<Alert>
		<Name>WRONG</Name>
		<Area>/IDS/PRINTHEADS/PRINTHEAD_1/</Area>
		<FullName>/IDS/PRINTHEADS/PRINTHEAD_1/WRONG</FullName>
		<CardinalName>/IDS/PRINTHEADS/PRINTHEAD_%d/WRONG</CardinalName>
		<Raised>false</Raised>
		<Severity>Error</Severity>
	</Alert>
	<Alert>
		<Name>NOT_PRESENT</Name>
		<Area>/IDS/PRINTHEADS/PRINTHEAD_2/</Area>
		<FullName>/IDS/PRINTHEADS/PRINTHEAD_2/NOT_PRESENT</FullName>
		<CardinalName>/IDS/PRINTHEADS/PRINTHEAD_%d/NOT_PRESENT</CardinalName>
		<Raised>false</Raised>
		<Severity>Error</Severity>
	</Alert>
	<Alert>
		<Name>REPLACE</Name>
		<Area>/IDS/PRINTHEADS/PRINTHEAD_2/</Area>
		<FullName>/IDS/PRINTHEADS/PRINTHEAD_2/REPLACE</FullName>
		<CardinalName>/IDS/PRINTHEADS/PRINTHEAD_%d/REPLACE</CardinalName>
		<Raised>false</Raised>
		<Severity>Error</Severity>
	</Alert>
	<Alert>
		<Name>REPLACEMENT_INCOMPLETE</Name>
		<Area>/IDS/PRINTHEADS/PRINTHEAD_2/</Area>
		<FullName>/IDS/PRINTHEADS/PRINTHEAD_2/REPLACEMENT_INCOMPLETE</FullName>
		<CardinalName>/IDS/PRINTHEADS/PRINTHEAD_%d/REPLACEMENT_INCOMPLETE</CardinalName>
		<Raised>false</Raised>
		<Severity>Error</Severity>
	</Alert>
	<Alert>
		<Name>RESEAT</Name>
		<Area>/IDS/PRINTHEADS/PRINTHEAD_2/</Area>
		<FullName>/IDS/PRINTHEADS/PRINTHEAD_2/RESEAT</FullName>
		<CardinalName>/IDS/PRINTHEADS/PRINTHEAD_%d/RESEAT</CardinalName>
		<Raised>false</Raised>
		<Severity>Error</Severity>
	</Alert>
	<Alert>
		<Name>TEST_SEPARATELY</Name>
		<Area>/IDS/PRINTHEADS/PRINTHEAD_2/</Area>
		<FullName>/IDS/PRINTHEADS/PRINTHEAD_2/TEST_SEPARATELY</FullName>
		<CardinalName>/IDS/PRINTHEADS/PRINTHEAD_%d/TEST_SEPARATELY</CardinalName>
		<Raised>false</Raised>
		<Severity>Error</Severity>
	</Alert>
	<Alert>
		<Name>WRONG</Name>
		<Area>/IDS/PRINTHEADS/PRINTHEAD_2/</Area>
		<FullName>/IDS/PRINTHEADS/PRINTHEAD_2/WRONG</FullName>
		<CardinalName>/IDS/PRINTHEADS/PRINTHEAD_%d/WRONG</CardinalName>
		<Raised>false</Raised>
		<Severity>Error</Severity>
	</Alert>
	<Alert>
		<Name>OUT_OF_MEDIA</Name>
		<Area>/MEDIA/INPUT/</Area>
		<FullName>/MEDIA/INPUT/OUT_OF_MEDIA</FullName>
		<CardinalName>/MEDIA/INPUT/OUT_OF_MEDIA</CardinalName>
		<Raised>false</Raised>
		<Severity>Error</Severity>
	</Alert>
	<Alert>
		<Name>JAM</Name>
		<Area>/MEDIA/</Area>
		<FullName>/MEDIA/JAM</FullName>
		<CardinalName>/MEDIA/JAM</CardinalName>
		<Raised>false</Raised>
		<Severity>Error</Severity>
	</Alert>
	<Alert>
		<Name>ERROR</Name>
		<Area>/MEDIA/OUTPUT/OUTPUT_DEVICE_5_Basket/</Area>
		<FullName>/MEDIA/OUTPUT/OUTPUT_DEVICE_5_Basket/ERROR</FullName>
		<CardinalName>/MEDIA/OUTPUT/OUTPUT_DEVICE_%d_%s/ERROR</CardinalName>
		<Raised>false</Raised>
		<Severity>Error</Severity>
	</Alert>
	<Alert>
		<Name>INTERNET_CONNECTION_NOT_POSSIBLE</Name>
		<Area>/CONNECTIVITY/</Area>
		<FullName>/CONNECTIVITY/INTERNET_CONNECTION_NOT_POSSIBLE</FullName>
		<CardinalName>/CONNECTIVITY/INTERNET_CONNECTION_NOT_POSSIBLE</CardinalName>
		<Raised>false</Raised>
		<Severity>Warning</Severity>
	</Alert>
	<Alert>
		<Name>VERYLOW</Name>
		<Area>/IDS/CARTRIDGES/CARTRIDGE_magenta_5/</Area>
		<FullName>/IDS/CARTRIDGES/CARTRIDGE_magenta_5/VERYLOW</FullName>
		<CardinalName>/IDS/CARTRIDGES/CARTRIDGE_%s_%d/VERYLOW</CardinalName>
		<Raised>false</Raised>
		<Severity>Warning</Severity>
	</Alert>
	<Alert>
		<Name>CABLE_DISCONNECTED</Name>
		<Area>/CONNECTIVITY/INTERFACE_0/</Area>
		<FullName>/CONNECTIVITY/INTERFACE_0/CABLE_DISCONNECTED</FullName>
		<CardinalName>/CONNECTIVITY/INTERFACE_%d/CABLE_DISCONNECTED</CardinalName>
		<Raised>false</Raised>
		<Severity>Warning</Severity>
	</Alert>
	<Alert>
		<Name>IP_ADDRESS_DUPLICATE</Name>
		<Area>/CONNECTIVITY/INTERFACE_0/</Area>
		<FullName>/CONNECTIVITY/INTERFACE_0/IP_ADDRESS_DUPLICATE</FullName>
		<CardinalName>/CONNECTIVITY/INTERFACE_%d/IP_ADDRESS_DUPLICATE</CardinalName>
		<Raised>false</Raised>
		<Severity>Warning</Severity>
	</Alert>
	<Alert>
		<Name>ALMOST_OUT_OF_MEDIA</Name>
		<Area>/MEDIA/INPUT/INTRAY_4_Roll2/</Area>
		<FullName>/MEDIA/INPUT/INTRAY_4_Roll2/ALMOST_OUT_OF_MEDIA</FullName>
		<CardinalName>/MEDIA/INPUT/INTRAY_%d_%s/ALMOST_OUT_OF_MEDIA</CardinalName>
		<Raised>false</Raised>
		<Severity>Warning</Severity>
	</Alert>
	<Alert>
		<Name>OUT_OF_MEDIA</Name>
		<Area>/MEDIA/INPUT/INTRAY_4_Roll2/</Area>
		<FullName>/MEDIA/INPUT/INTRAY_4_Roll2/OUT_OF_MEDIA</FullName>
		<CardinalName>/MEDIA/INPUT/INTRAY_%d_%s/OUT_OF_MEDIA</CardinalName>
		<Raised>true</Raised>
		<Severity>Warning</Severity>
	</Alert>
	<Alert>
		<Name>EXPIRED</Name>
		<Area>/IDS/CARTRIDGES/CARTRIDGE_cyan_6/</Area>
		<FullName>/IDS/CARTRIDGES/CARTRIDGE_cyan_6/EXPIRED</FullName>
		<CardinalName>/IDS/CARTRIDGES/CARTRIDGE_%s_%d/EXPIRED</CardinalName>
		<Raised>false</Raised>
		<Severity>Warning</Severity>
	</Alert>
	<Alert>
		<Name>LOW</Name>
		<Area>/IDS/CARTRIDGES/CARTRIDGE_cyan_6/</Area>
		<FullName>/IDS/CARTRIDGES/CARTRIDGE_cyan_6/LOW</FullName>
		<CardinalName>/IDS/CARTRIDGES/CARTRIDGE_%s_%d/LOW</CardinalName>
		<Raised>false</Raised>
		<Severity>Warning</Severity>
	</Alert>
	<Alert>
		<Name>VERYLOW</Name>
		<Area>/IDS/CARTRIDGES/CARTRIDGE_cyan_6/</Area>
		<FullName>/IDS/CARTRIDGES/CARTRIDGE_cyan_6/VERYLOW</FullName>
		<CardinalName>/IDS/CARTRIDGES/CARTRIDGE_%s_%d/VERYLOW</CardinalName>
		<Raised>false</Raised>
		<Severity>Warning</Severity>
	</Alert>
	<Alert>
		<Name>EXPIRED</Name>
		<Area>/IDS/CARTRIDGES/CARTRIDGE_gray_1/</Area>
		<FullName>/IDS/CARTRIDGES/CARTRIDGE_gray_1/EXPIRED</FullName>
		<CardinalName>/IDS/CARTRIDGES/CARTRIDGE_%s_%d/EXPIRED</CardinalName>
		<Raised>false</Raised>
		<Severity>Warning</Severity>
	</Alert>
	<Alert>
		<Name>LOW</Name>
		<Area>/IDS/CARTRIDGES/CARTRIDGE_gray_1/</Area>
		<FullName>/IDS/CARTRIDGES/CARTRIDGE_gray_1/LOW</FullName>
		<CardinalName>/IDS/CARTRIDGES/CARTRIDGE_%s_%d/LOW</CardinalName>
		<Raised>false</Raised>
		<Severity>Warning</Severity>
	</Alert>
	<Alert>
		<Name>VERYLOW</Name>
		<Area>/IDS/CARTRIDGES/CARTRIDGE_gray_1/</Area>
		<FullName>/IDS/CARTRIDGES/CARTRIDGE_gray_1/VERYLOW</FullName>
		<CardinalName>/IDS/CARTRIDGES/CARTRIDGE_%s_%d/VERYLOW</CardinalName>
		<Raised>false</Raised>
		<Severity>Warning</Severity>
	</Alert>
	<Alert>
		<Name>EXPIRED</Name>
		<Area>/IDS/CARTRIDGES/CARTRIDGE_magenta_5/</Area>
		<FullName>/IDS/CARTRIDGES/CARTRIDGE_magenta_5/EXPIRED</FullName>
		<CardinalName>/IDS/CARTRIDGES/CARTRIDGE_%s_%d/EXPIRED</CardinalName>
		<Raised>false</Raised>
		<Severity>Warning</Severity>
	</Alert>
	<Alert>
		<Name>LOW</Name>
		<Area>/IDS/CARTRIDGES/CARTRIDGE_magenta_5/</Area>
		<FullName>/IDS/CARTRIDGES/CARTRIDGE_magenta_5/LOW</FullName>
		<CardinalName>/IDS/CARTRIDGES/CARTRIDGE_%s_%d/LOW</CardinalName>
		<Raised>false</Raised>
		<Severity>Warning</Severity>
	</Alert>
	<Alert>
		<Name>EXPIRED</Name>
		<Area>/IDS/CARTRIDGES/CARTRIDGE_matte-black_3/</Area>
		<FullName>/IDS/CARTRIDGES/CARTRIDGE_matte-black_3/EXPIRED</FullName>
		<CardinalName>/IDS/CARTRIDGES/CARTRIDGE_%s_%d/EXPIRED</CardinalName>
		<Raised>false</Raised>
		<Severity>Warning</Severity>
	</Alert>
	<Alert>
		<Name>LOW</Name>
		<Area>/IDS/CARTRIDGES/CARTRIDGE_matte-black_3/</Area>
		<FullName>/IDS/CARTRIDGES/CARTRIDGE_matte-black_3/LOW</FullName>
		<CardinalName>/IDS/CARTRIDGES/CARTRIDGE_%s_%d/LOW</CardinalName>
		<Raised>false</Raised>
		<Severity>Warning</Severity>
	</Alert>
	<Alert>
		<Name>VERYLOW</Name>
		<Area>/IDS/CARTRIDGES/CARTRIDGE_matte-black_3/</Area>
		<FullName>/IDS/CARTRIDGES/CARTRIDGE_matte-black_3/VERYLOW</FullName>
		<CardinalName>/IDS/CARTRIDGES/CARTRIDGE_%s_%d/VERYLOW</CardinalName>
		<Raised>false</Raised>
		<Severity>Warning</Severity>
	</Alert>
	<Alert>
		<Name>EXPIRED</Name>
		<Area>/IDS/CARTRIDGES/CARTRIDGE_photo-black_2/</Area>
		<FullName>/IDS/CARTRIDGES/CARTRIDGE_photo-black_2/EXPIRED</FullName>
		<CardinalName>/IDS/CARTRIDGES/CARTRIDGE_%s_%d/EXPIRED</CardinalName>
		<Raised>false</Raised>
		<Severity>Warning</Severity>
	</Alert>
	<Alert>
		<Name>LOW</Name>
		<Area>/IDS/CARTRIDGES/CARTRIDGE_photo-black_2/</Area>
		<FullName>/IDS/CARTRIDGES/CARTRIDGE_photo-black_2/LOW</FullName>
		<CardinalName>/IDS/CARTRIDGES/CARTRIDGE_%s_%d/LOW</CardinalName>
		<Raised>false</Raised>
		<Severity>Warning</Severity>
	</Alert>
	<Alert>
		<Name>VERYLOW</Name>
		<Area>/IDS/CARTRIDGES/CARTRIDGE_photo-black_2/</Area>
		<FullName>/IDS/CARTRIDGES/CARTRIDGE_photo-black_2/VERYLOW</FullName>
		<CardinalName>/IDS/CARTRIDGES/CARTRIDGE_%s_%d/VERYLOW</CardinalName>
		<Raised>false</Raised>
		<Severity>Warning</Severity>
	</Alert>
	<Alert>
		<Name>EXPIRED</Name>
		<Area>/IDS/CARTRIDGES/CARTRIDGE_yellow_4/</Area>
		<FullName>/IDS/CARTRIDGES/CARTRIDGE_yellow_4/EXPIRED</FullName>
		<CardinalName>/IDS/CARTRIDGES/CARTRIDGE_%s_%d/EXPIRED</CardinalName>
		<Raised>false</Raised>
		<Severity>Warning</Severity>
	</Alert>
	<Alert>
		<Name>LOW</Name>
		<Area>/IDS/CARTRIDGES/CARTRIDGE_yellow_4/</Area>
		<FullName>/IDS/CARTRIDGES/CARTRIDGE_yellow_4/LOW</FullName>
		<CardinalName>/IDS/CARTRIDGES/CARTRIDGE_%s_%d/LOW</CardinalName>
		<Raised>false</Raised>
		<Severity>Warning</Severity>
	</Alert>
	<Alert>
		<Name>VERYLOW</Name>
		<Area>/IDS/CARTRIDGES/CARTRIDGE_yellow_4/</Area>
		<FullName>/IDS/CARTRIDGES/CARTRIDGE_yellow_4/VERYLOW</FullName>
		<CardinalName>/IDS/CARTRIDGES/CARTRIDGE_%s_%d/VERYLOW</CardinalName>
		<Raised>false</Raised>
		<Severity>Warning</Severity>
	</Alert>
	<Alert>
		<Name>MONITOR_PQ</Name>
		<Area>/IDS/PRINTHEADS/PRINTHEAD_0/</Area>
		<FullName>/IDS/PRINTHEADS/PRINTHEAD_0/MONITOR_PQ</FullName>
		<CardinalName>/IDS/PRINTHEADS/PRINTHEAD_%d/MONITOR_PQ</CardinalName>
		<Raised>false</Raised>
		<Severity>Warning</Severity>
	</Alert>
	<Alert>
		<Name>RECOVER</Name>
		<Area>/IDS/PRINTHEADS/PRINTHEAD_0/</Area>
		<FullName>/IDS/PRINTHEADS/PRINTHEAD_0/RECOVER</FullName>
		<CardinalName>/IDS/PRINTHEADS/PRINTHEAD_%d/RECOVER</CardinalName>
		<Raised>false</Raised>
		<Severity>Warning</Severity>
	</Alert>
	<Alert>
		<Name>MONITOR_PQ</Name>
		<Area>/IDS/PRINTHEADS/PRINTHEAD_1/</Area>
		<FullName>/IDS/PRINTHEADS/PRINTHEAD_1/MONITOR_PQ</FullName>
		<CardinalName>/IDS/PRINTHEADS/PRINTHEAD_%d/MONITOR_PQ</CardinalName>
		<Raised>false</Raised>
		<Severity>Warning</Severity>
	</Alert>
	<Alert>
		<Name>RECOVER</Name>
		<Area>/IDS/PRINTHEADS/PRINTHEAD_1/</Area>
		<FullName>/IDS/PRINTHEADS/PRINTHEAD_1/RECOVER</FullName>
		<CardinalName>/IDS/PRINTHEADS/PRINTHEAD_%d/RECOVER</CardinalName>
		<Raised>false</Raised>
		<Severity>Warning</Severity>
	</Alert>
	<Alert>
		<Name>MONITOR_PQ</Name>
		<Area>/IDS/PRINTHEADS/PRINTHEAD_2/</Area>
		<FullName>/IDS/PRINTHEADS/PRINTHEAD_2/MONITOR_PQ</FullName>
		<CardinalName>/IDS/PRINTHEADS/PRINTHEAD_%d/MONITOR_PQ</CardinalName>
		<Raised>false</Raised>
		<Severity>Warning</Severity>
	</Alert>
	<Alert>
		<Name>RECOVER</Name>
		<Area>/IDS/PRINTHEADS/PRINTHEAD_2/</Area>
		<FullName>/IDS/PRINTHEADS/PRINTHEAD_2/RECOVER</FullName>
		<CardinalName>/IDS/PRINTHEADS/PRINTHEAD_%d/RECOVER</CardinalName>
		<Raised>false</Raised>
		<Severity>Warning</Severity>
	</Alert>
	<Alert>
		<Name>JOBS_ON_HOLD_FOR_CONFLICT</Name>
		<Area>/JOB_MANAGER/</Area>
		<FullName>/JOB_MANAGER/JOBS_ON_HOLD_FOR_CONFLICT</FullName>
		<CardinalName>/JOB_MANAGER/JOBS_ON_HOLD_FOR_CONFLICT</CardinalName>
		<Raised>false</Raised>
		<Severity>Warning</Severity>
	</Alert>
	<Alert>
		<Name>THRESHOLD_ALMOST_REACHED</Name>
		<Area>/MAINTENANCE/PREVENTIVE_MAINTENANCE_KIT_0_PMK1/</Area>
		<FullName>/MAINTENANCE/PREVENTIVE_MAINTENANCE_KIT_0_PMK1/THRESHOLD_ALMOST_REACHED</FullName>
		<CardinalName>/MAINTENANCE/PREVENTIVE_MAINTENANCE_KIT_%d_%s/THRESHOLD_ALMOST_REACHED</CardinalName>
		<Raised>false</Raised>
		<Severity>Warning</Severity>
	</Alert>
	<Alert>
		<Name>THRESHOLD_REACHED</Name>
		<Area>/MAINTENANCE/PREVENTIVE_MAINTENANCE_KIT_0_PMK1/</Area>
		<FullName>/MAINTENANCE/PREVENTIVE_MAINTENANCE_KIT_0_PMK1/THRESHOLD_REACHED</FullName>
		<CardinalName>/MAINTENANCE/PREVENTIVE_MAINTENANCE_KIT_%d_%s/THRESHOLD_REACHED</CardinalName>
		<Raised>false</Raised>
		<Severity>Warning</Severity>
	</Alert>
	<Alert>
		<Name>THRESHOLD_ALMOST_REACHED</Name>
		<Area>/MAINTENANCE/PREVENTIVE_MAINTENANCE_KIT_1_PMK2/</Area>
		<FullName>/MAINTENANCE/PREVENTIVE_MAINTENANCE_KIT_1_PMK2/THRESHOLD_ALMOST_REACHED</FullName>
		<CardinalName>/MAINTENANCE/PREVENTIVE_MAINTENANCE_KIT_%d_%s/THRESHOLD_ALMOST_REACHED</CardinalName>
		<Raised>false</Raised>
		<Severity>Warning</Severity>
	</Alert>
	<Alert>
		<Name>THRESHOLD_REACHED</Name>
		<Area>/MAINTENANCE/PREVENTIVE_MAINTENANCE_KIT_1_PMK2/</Area>
		<FullName>/MAINTENANCE/PREVENTIVE_MAINTENANCE_KIT_1_PMK2/THRESHOLD_REACHED</FullName>
		<CardinalName>/MAINTENANCE/PREVENTIVE_MAINTENANCE_KIT_%d_%s/THRESHOLD_REACHED</CardinalName>
		<Raised>false</Raised>
		<Severity>Warning</Severity>
	</Alert>
	<Alert>
		<Name>ALMOST_OUT_OF_MEDIA</Name>
		<Area>/MEDIA/INPUT/INTRAY_3_Roll1/</Area>
		<FullName>/MEDIA/INPUT/INTRAY_3_Roll1/ALMOST_OUT_OF_MEDIA</FullName>
		<CardinalName>/MEDIA/INPUT/INTRAY_%d_%s/ALMOST_OUT_OF_MEDIA</CardinalName>
		<Raised>false</Raised>
		<Severity>Warning</Severity>
	</Alert>
	<Alert>
		<Name>OUT_OF_MEDIA</Name>
		<Area>/MEDIA/INPUT/INTRAY_3_Roll1/</Area>
		<FullName>/MEDIA/INPUT/INTRAY_3_Roll1/OUT_OF_MEDIA</FullName>
		<CardinalName>/MEDIA/INPUT/INTRAY_%d_%s/OUT_OF_MEDIA</CardinalName>
		<Raised>false</Raised>
		<Severity>Warning</Severity>
	</Alert>
	<Alert>
		<Name>SENSITIVE_MEDIA</Name>
		<Area>/MEDIA/INPUT/INTRAY_3_Roll1/</Area>
		<FullName>/MEDIA/INPUT/INTRAY_3_Roll1/SENSITIVE_MEDIA</FullName>
		<CardinalName>/MEDIA/INPUT/INTRAY_%d_%s/SENSITIVE_MEDIA</CardinalName>
		<Raised>false</Raised>
		<Severity>Warning</Severity>
	</Alert>
	<Alert>
		<Name>SENSITIVE_MEDIA</Name>
		<Area>/MEDIA/INPUT/INTRAY_4_Roll2/</Area>
		<FullName>/MEDIA/INPUT/INTRAY_4_Roll2/SENSITIVE_MEDIA</FullName>
		<CardinalName>/MEDIA/INPUT/INTRAY_%d_%s/SENSITIVE_MEDIA</CardinalName>
		<Raised>false</Raised>
		<Severity>Warning</Severity>
	</Alert>
	<Alert>
		<Name>OPEN</Name>
		<Area>/COVERS/COVER_17/</Area>
		<FullName>/COVERS/COVER_17/OPEN</FullName>
		<CardinalName>/COVERS/COVER_%d/OPEN</CardinalName>
		<Raised>false</Raised>
		<Severity>Informative</Severity>
	</Alert>
	<Alert>
		<Name>OPEN</Name>
		<Area>/COVERS/COVER_3/</Area>
		<FullName>/COVERS/COVER_3/OPEN</FullName>
		<CardinalName>/COVERS/COVER_%d/OPEN</CardinalName>
		<Raised>false</Raised>
		<Severity>Informative</Severity>
	</Alert>
	<Alert>
		<Name>OPEN</Name>
		<Area>/COVERS/COVER_7/</Area>
		<FullName>/COVERS/COVER_7/OPEN</FullName>
		<CardinalName>/COVERS/COVER_%d/OPEN</CardinalName>
		<Raised>false</Raised>
		<Severity>Informative</Severity>
	</Alert>
	<Alert>
		<Name>OPEN</Name>
		<Area>/COVERS/COVER_8/</Area>
		<FullName>/COVERS/COVER_8/OPEN</FullName>
		<CardinalName>/COVERS/COVER_%d/OPEN</CardinalName>
		<Raised>false</Raised>
		<Severity>Informative</Severity>
	</Alert>
	<Alert>
		<Name>NON_HP</Name>
		<Area>/IDS/CARTRIDGES/CARTRIDGE_gray_1/</Area>
		<FullName>/IDS/CARTRIDGES/CARTRIDGE_gray_1/NON_HP</FullName>
		<CardinalName>/IDS/CARTRIDGES/CARTRIDGE_%s_%d/NON_HP</CardinalName>
		<Raised>true</Raised>
		<Severity>Informative</Severity>
	</Alert>
	<Alert>
		<Name>UPGRADE_PACKAGE_AVAILABLE_FOR_DOWNLOAD</Name>
		<Area>/FW_UPGRADE/</Area>
		<FullName>/FW_UPGRADE/UPGRADE_PACKAGE_AVAILABLE_FOR_DOWNLOAD</FullName>
		<CardinalName>/FW_UPGRADE/UPGRADE_PACKAGE_AVAILABLE_FOR_DOWNLOAD</CardinalName>
		<Raised>false</Raised>
		<Severity>Informative</Severity>
	</Alert>
	<Alert>
		<Name>UPGRADE_PACKAGE_READY_TO_INSTALL</Name>
		<Area>/FW_UPGRADE/</Area>
		<FullName>/FW_UPGRADE/UPGRADE_PACKAGE_READY_TO_INSTALL</FullName>
		<CardinalName>/FW_UPGRADE/UPGRADE_PACKAGE_READY_TO_INSTALL</CardinalName>
		<Raised>false</Raised>
		<Severity>Informative</Severity>
	</Alert>
	<Alert>
		<Name>ALTERED</Name>
		<Area>/IDS/CARTRIDGES/CARTRIDGE_cyan_6/</Area>
		<FullName>/IDS/CARTRIDGES/CARTRIDGE_cyan_6/ALTERED</FullName>
		<CardinalName>/IDS/CARTRIDGES/CARTRIDGE_%s_%d/ALTERED</CardinalName>
		<Raised>false</Raised>
		<Severity>Informative</Severity>
	</Alert>
	<Alert>
		<Name>NON_HP</Name>
		<Area>/IDS/CARTRIDGES/CARTRIDGE_cyan_6/</Area>
		<FullName>/IDS/CARTRIDGES/CARTRIDGE_cyan_6/NON_HP</FullName>
		<CardinalName>/IDS/CARTRIDGES/CARTRIDGE_%s_%d/NON_HP</CardinalName>
		<Raised>false</Raised>
		<Severity>Informative</Severity>
	</Alert>
	<Alert>
		<Name>ALTERED</Name>
		<Area>/IDS/CARTRIDGES/CARTRIDGE_gray_1/</Area>
		<FullName>/IDS/CARTRIDGES/CARTRIDGE_gray_1/ALTERED</FullName>
		<CardinalName>/IDS/CARTRIDGES/CARTRIDGE_%s_%d/ALTERED</CardinalName>
		<Raised>false</Raised>
		<Severity>Informative</Severity>
	</Alert>
	<Alert>
		<Name>ALTERED</Name>
		<Area>/IDS/CARTRIDGES/CARTRIDGE_magenta_5/</Area>
		<FullName>/IDS/CARTRIDGES/CARTRIDGE_magenta_5/ALTERED</FullName>
		<CardinalName>/IDS/CARTRIDGES/CARTRIDGE_%s_%d/ALTERED</CardinalName>
		<Raised>false</Raised>
		<Severity>Informative</Severity>
	</Alert>
	<Alert>
		<Name>NON_HP</Name>
		<Area>/IDS/CARTRIDGES/CARTRIDGE_magenta_5/</Area>
		<FullName>/IDS/CARTRIDGES/CARTRIDGE_magenta_5/NON_HP</FullName>
		<CardinalName>/IDS/CARTRIDGES/CARTRIDGE_%s_%d/NON_HP</CardinalName>
		<Raised>false</Raised>
		<Severity>Informative</Severity>
	</Alert>
	<Alert>
		<Name>ALTERED</Name>
		<Area>/IDS/CARTRIDGES/CARTRIDGE_matte-black_3/</Area>
		<FullName>/IDS/CARTRIDGES/CARTRIDGE_matte-black_3/ALTERED</FullName>
		<CardinalName>/IDS/CARTRIDGES/CARTRIDGE_%s_%d/ALTERED</CardinalName>
		<Raised>false</Raised>
		<Severity>Informative</Severity>
	</Alert>
	<Alert>
		<Name>NON_HP</Name>
		<Area>/IDS/CARTRIDGES/CARTRIDGE_matte-black_3/</Area>
		<FullName>/IDS/CARTRIDGES/CARTRIDGE_matte-black_3/NON_HP</FullName>
		<CardinalName>/IDS/CARTRIDGES/CARTRIDGE_%s_%d/NON_HP</CardinalName>
		<Raised>false</Raised>
		<Severity>Informative</Severity>
	</Alert>
	<Alert>
		<Name>ALTERED</Name>
		<Area>/IDS/CARTRIDGES/CARTRIDGE_photo-black_2/</Area>
		<FullName>/IDS/CARTRIDGES/CARTRIDGE_photo-black_2/ALTERED</FullName>
		<CardinalName>/IDS/CARTRIDGES/CARTRIDGE_%s_%d/ALTERED</CardinalName>
		<Raised>false</Raised>
		<Severity>Informative</Severity>
	</Alert>
	<Alert>
		<Name>NON_HP</Name>
		<Area>/IDS/CARTRIDGES/CARTRIDGE_photo-black_2/</Area>
		<FullName>/IDS/CARTRIDGES/CARTRIDGE_photo-black_2/NON_HP</FullName>
		<CardinalName>/IDS/CARTRIDGES/CARTRIDGE_%s_%d/NON_HP</CardinalName>
		<Raised>false</Raised>
		<Severity>Informative</Severity>
	</Alert>
	<Alert>
		<Name>ALTERED</Name>
		<Area>/IDS/CARTRIDGES/CARTRIDGE_yellow_4/</Area>
		<FullName>/IDS/CARTRIDGES/CARTRIDGE_yellow_4/ALTERED</FullName>
		<CardinalName>/IDS/CARTRIDGES/CARTRIDGE_%s_%d/ALTERED</CardinalName>
		<Raised>false</Raised>
		<Severity>Informative</Severity>
	</Alert>
	<Alert>
		<Name>NON_HP</Name>
		<Area>/IDS/CARTRIDGES/CARTRIDGE_yellow_4/</Area>
		<FullName>/IDS/CARTRIDGES/CARTRIDGE_yellow_4/NON_HP</FullName>
		<CardinalName>/IDS/CARTRIDGES/CARTRIDGE_%s_%d/NON_HP</CardinalName>
		<Raised>false</Raised>
		<Severity>Informative</Severity>
	</Alert>
	<Alert>
		<Name>SINGLE_INTRAY_MODE</Name>
		<Area>/MEDIA/</Area>
		<FullName>/MEDIA/SINGLE_INTRAY_MODE</FullName>
		<CardinalName>/MEDIA/SINGLE_INTRAY_MODE</CardinalName>
		<Raised>false</Raised>
		<Severity>Informative</Severity>
	</Alert>
</AlertCollection>