<?xml version='1.0' encoding='UTF-8'?>
<Printer_Usage>
    <Printheads>
        <Printhead color="Magenta-Yellow" Id="0">
            <Total_Insertions>1</Total_Insertions>
            <Number_Of_Printheads>1</Number_Of_Printheads>
            <Type>
                <Product_Number>P2V25A</Product_Number>
            </Type>
        </Printhead>
        <Printhead color="Cyan-Red" Id="1">
            <Total_Insertions>1</Total_Insertions>
            <Number_Of_Printheads>1</Number_Of_Printheads>
            <Type>
                <Product_Number>P2V25A</Product_Number>
            </Type>
        </Printhead>
        <Printhead color="Photo black-Matte black" Id="2">
            <Total_Insertions>1</Total_Insertions>
            <Number_Of_Printheads>1</Number_Of_Printheads>
            <Type>
                <Product_Number>P2V25A</Product_Number>
            </Type>
        </Printhead>
        <Printhead color="Blue-Green" Id="3">
            <Total_Insertions>1</Total_Insertions>
            <Number_Of_Printheads>1</Number_Of_Printheads>
            <Type>
                <Product_Number>P2V25A</Product_Number>
            </Type>
        </Printhead>
        <Printhead color="Gray" Id="4">
            <Total_Insertions>1</Total_Insertions>
            <Number_Of_Printheads>1</Number_Of_Printheads>
            <Type>
                <Product_Number>P2V25A</Product_Number>
            </Type>
        </Printhead>
    </Printheads>
    <Cartridges>
        <Cartridge color="Magenta" Id="0">
            <Total_Insertions>1</Total_Insertions>
            <Type>
                <Total_Ink_Consumed>1.95</Total_Ink_Consumed>
                <Total_HP_Ink_Consumed>1.95</Total_HP_Ink_Consumed>
                <Total_non_HP_Ink_Consumed>0.00</Total_non_HP_Ink_Consumed>
                <Ink_Consumed_Units>cc</Ink_Consumed_Units>
                <NonHP_Ink_Used>No</NonHP_Ink_Used>
                <Product_Number>F9J89A</Product_Number>
            </Type>
        </Cartridge>
        <Cartridge color="Yellow" Id="1">
            <Total_Insertions>1</Total_Insertions>
            <Type>
                <Total_Ink_Consumed>2.35</Total_Ink_Consumed>
                <Total_HP_Ink_Consumed>2.35</Total_HP_Ink_Consumed>
                <Total_non_HP_Ink_Consumed>0.00</Total_non_HP_Ink_Consumed>
                <Ink_Consumed_Units>cc</Ink_Consumed_Units>
                <NonHP_Ink_Used>No</NonHP_Ink_Used>
                <Product_Number>F9J90A</Product_Number>
            </Type>
        </Cartridge>
        <Cartridge color="Cyan" Id="2">
            <Total_Insertions>1</Total_Insertions>
            <Type>
                <Total_Ink_Consumed>2.36</Total_Ink_Consumed>
                <Total_HP_Ink_Consumed>2.36</Total_HP_Ink_Consumed>
                <Total_non_HP_Ink_Consumed>0.00</Total_non_HP_Ink_Consumed>
                <Ink_Consumed_Units>cc</Ink_Consumed_Units>
                <NonHP_Ink_Used>No</NonHP_Ink_Used>
                <Product_Number>P2V74A</Product_Number>
            </Type>
        </Cartridge>
        <Cartridge color="Red" Id="3">
            <Total_Insertions>1</Total_Insertions>
            <Type>
                <Total_Ink_Consumed>2.28</Total_Ink_Consumed>
                <Total_HP_Ink_Consumed>2.28</Total_HP_Ink_Consumed>
                <Total_non_HP_Ink_Consumed>0.00</Total_non_HP_Ink_Consumed>
                <Ink_Consumed_Units>cc</Ink_Consumed_Units>
                <NonHP_Ink_Used>No</NonHP_Ink_Used>
                <Product_Number>F9J94A</Product_Number>
            </Type>
        </Cartridge>
        <Cartridge color="Photo black" Id="4">
            <Total_Insertions>1</Total_Insertions>
            <Type>
                <Total_Ink_Consumed>2.12</Total_Ink_Consumed>
                <Total_HP_Ink_Consumed>2.12</Total_HP_Ink_Consumed>
                <Total_non_HP_Ink_Consumed>0.00</Total_non_HP_Ink_Consumed>
                <Ink_Consumed_Units>cc</Ink_Consumed_Units>
                <NonHP_Ink_Used>No</NonHP_Ink_Used>
                <Product_Number>F9J92A</Product_Number>
            </Type>
        </Cartridge>
        <Cartridge color="Matte black" Id="5">
            <Total_Insertions>1</Total_Insertions>
            <Type>
                <Total_Ink_Consumed>3.12</Total_Ink_Consumed>
                <Total_HP_Ink_Consumed>3.12</Total_HP_Ink_Consumed>
                <Total_non_HP_Ink_Consumed>0.00</Total_non_HP_Ink_Consumed>
                <Ink_Consumed_Units>cc</Ink_Consumed_Units>
                <NonHP_Ink_Used>No</NonHP_Ink_Used>
                <Product_Number>F9J93A</Product_Number>
            </Type>
        </Cartridge>
        <Cartridge color="Blue" Id="6">
            <Total_Insertions>1</Total_Insertions>
            <Type>
                <Total_Ink_Consumed>2.28</Total_Ink_Consumed>
                <Total_HP_Ink_Consumed>2.28</Total_HP_Ink_Consumed>
                <Total_non_HP_Ink_Consumed>0.00</Total_non_HP_Ink_Consumed>
                <Ink_Consumed_Units>cc</Ink_Consumed_Units>
                <NonHP_Ink_Used>No</NonHP_Ink_Used>
                <Product_Number>P2V76A</Product_Number>
            </Type>
        </Cartridge>
        <Cartridge color="Green" Id="7">
            <Total_Insertions>1</Total_Insertions>
            <Type>
                <Total_Ink_Consumed>2.33</Total_Ink_Consumed>
                <Total_HP_Ink_Consumed>2.33</Total_HP_Ink_Consumed>
                <Total_non_HP_Ink_Consumed>0.00</Total_non_HP_Ink_Consumed>
                <Ink_Consumed_Units>cc</Ink_Consumed_Units>
                <NonHP_Ink_Used>No</NonHP_Ink_Used>
                <Product_Number>P2V75A</Product_Number>
            </Type>
        </Cartridge>
        <Cartridge color="Gray" Id="8">
            <Total_Insertions>1</Total_Insertions>
            <Type>
                <Total_Ink_Consumed>2.09</Total_Ink_Consumed>
                <Total_HP_Ink_Consumed>2.09</Total_HP_Ink_Consumed>
                <Total_non_HP_Ink_Consumed>0.00</Total_non_HP_Ink_Consumed>
                <Ink_Consumed_Units>cc</Ink_Consumed_Units>
                <NonHP_Ink_Used>No</NonHP_Ink_Used>
                <Product_Number>P2V77A</Product_Number>
            </Type>
        </Cartridge>
    </Cartridges>
    <Media_Usage>
        <Media name="Coated Paper" vendor="" class="" id="1100">
            <Usage units="sqi">3243.00</Usage>
            <Usage units="m">2.29</Usage>
        </Media>
        <Media name="Plain Paper" vendor="" class="technical" id="1000">
            <Usage units="sqi">760.00</Usage>
            <Usage units="m">0.53</Usage>
        </Media>
    </Media_Usage>
    <Scan_Usage>
        <Scanned_Copy_Total units="sqi">0.00</Scanned_Copy_Total>
        <Scanned_Scan_Total units="sqi">0.00</Scanned_Scan_Total>
        <Total_Scan_Area units="sqi">0.00</Total_Scan_Area>
        <Scanned_Length_Copy_Total units="m">0.00</Scanned_Length_Copy_Total>
        <Scanned_Length_Scan_Total units="m">0.00</Scanned_Length_Scan_Total>
        <Total_Scan_Length units="m">0.00</Total_Scan_Length>
        <Number_Of_Scan_Jobs>0</Number_Of_Scan_Jobs>
        <Number_Of_Copy_Jobs>0</Number_Of_Copy_Jobs>
        <Number_Of_Jobs>0</Number_Of_Jobs>
    </Scan_Usage>
    <Application_Category_Usage>
        <Application_Category category="monochrome-lines">
            <Usage units="sqm">0.77</Usage>
            <Linear_Usage units="mtr">0.78</Linear_Usage>
            <Printed_Usage units="sqm">0.76</Printed_Usage>
            <Ink_Usage units="ml">1.04</Ink_Usage>
            <Pages>2</Pages>
            <Enabled>true</Enabled>
        </Application_Category>
        <Application_Category category="color-lines">
            <Usage units="sqm">0.00</Usage>
            <Linear_Usage units="mtr">0.00</Linear_Usage>
            <Printed_Usage units="sqm">0.00</Printed_Usage>
            <Ink_Usage units="ml">0.00</Ink_Usage>
            <Pages>0</Pages>
            <Enabled>true</Enabled>
        </Application_Category>
        <Application_Category category="low-density-image">
            <Usage units="sqm">0.00</Usage>
            <Linear_Usage units="mtr">0.00</Linear_Usage>
            <Printed_Usage units="sqm">0.00</Printed_Usage>
            <Ink_Usage units="ml">0.00</Ink_Usage>
            <Pages>0</Pages>
            <Enabled>true</Enabled>
        </Application_Category>
        <Application_Category category="high-density-image">
            <Usage units="sqm">1.80</Usage>
            <Linear_Usage units="mtr">1.86</Linear_Usage>
            <Printed_Usage units="sqm">0.98</Printed_Usage>
            <Ink_Usage units="ml">19.50</Ink_Usage>
            <Pages>5</Pages>
            <Enabled>true</Enabled>
        </Application_Category>
        <Application_Category category="special-media">
            <Usage units="sqm">0.00</Usage>
            <Linear_Usage units="mtr">0.00</Linear_Usage>
            <Printed_Usage units="sqm">0.00</Printed_Usage>
            <Ink_Usage units="ml">0.00</Ink_Usage>
            <Pages>0</Pages>
            <Enabled>true</Enabled>
        </Application_Category>
        <Application_Category category="blueprint-media">
            <Usage units="sqm">0.00</Usage>
            <Linear_Usage units="mtr">0.00</Linear_Usage>
            <Printed_Usage units="sqm">0.00</Printed_Usage>
            <Ink_Usage units="ml">0.00</Ink_Usage>
            <Pages>0</Pages>
            <Enabled>true</Enabled>
        </Application_Category>
        <Application_Category category="total">
            <Usage units="sqm">2.57</Usage>
            <Linear_Usage units="mtr">2.64</Linear_Usage>
            <Printed_Usage units="sqm">1.75</Printed_Usage>
            <Ink_Usage units="ml">20.53</Ink_Usage>
            <Pages>7</Pages>
            <Enabled>true</Enabled>
        </Application_Category>
    </Application_Category_Usage>
    <Number_Of_Jobs>9</Number_Of_Jobs>
    <Number_Of_Pages>7</Number_Of_Pages>
    <Total_Ink_Usage>
        <Total_Insertions>9</Total_Insertions>
        <Total_Ink_Consumed>20.89</Total_Ink_Consumed>
        <Total_HP_Ink_Consumed>20.89</Total_HP_Ink_Consumed>
        <Total_non_HP_Ink_Consumed>0.00</Total_non_HP_Ink_Consumed>
        <Ink_Consumed_Units>cc</Ink_Consumed_Units>
        <NonHP_Ink_Used>No</NonHP_Ink_Used>
    </Total_Ink_Usage>
    <Total_Media_Usage>
        <Usage units="sqi">4003.00</Usage>
        <Usage units="m">2.82</Usage>
    </Total_Media_Usage>
</Printer_Usage>
